"Fidelidade","Cerveja","Vinho","Refrigerante","Peixe","Confeitaria","Valor","Metodo","Genero","CasaPropria","Renda","Idade","Frutas","CarneFresca","Laticinios","VegetaisLata","Pates","Congelados"
"10150","F","F","T","F","F","41.1354","CARD","F","NO","10700","36","T","F","F","F","F","F"
"10236","T","F","F","F","F","42.0572","CASH","F","YES","17700","44","F","F","F","F","F","T"
"10360","T","F","F","T","F","27.4012","CHEQUE","M","NO","13400","20","F","F","F","T","F","T"
"10451","T","F","F","F","T","15.0174","CHEQUE","M","NO","12500","19","F","F","F","T","F","T"
"10609","F","F","F","T","F","14.2389","CHEQUE","F","NO","16700","41","T","F","F","F","F","F"
"10614","F","F","T","F","F","19.0425","CASH","M","NO","25900","25","F","F","F","F","F","F"
"10645","T","F","F","F","F","18.4803","CARD","M","YES","13300","20","T","T","F","T","F","T"
"10717","F","F","F","T","F","47.2705","CARD","M","NO","18900","23","T","T","F","F","F","F"
"10872","T","F","F","T","F","20.6176","CASH","M","NO","13200","36","F","F","F","T","F","T"
"10902","F","T","F","F","F","26.7182","CARD","M","NO","25300","47","T","F","F","F","F","F"
"10915","F","F","F","T","F","12.4624","CARD","F","NO","13500","22","T","F","T","F","T","T"
"10944","T","F","F","F","F","45.3278","CARD","M","NO","10500","46","F","T","T","T","F","T"
"10987","F","T","F","F","T","37.7075","CASH","F","YES","29300","21","T","F","T","F","F","F"
"11119","F","F","T","T","T","29.4205","CHEQUE","F","YES","12000","27","F","F","F","F","F","F"
"11220","T","F","F","F","T","23.6325","CARD","M","YES","11400","27","F","F","F","T","F","T"
"11230","F","F","F","T","T","46.279","CASH","M","NO","24400","42","F","F","T","F","F","F"
"11236","F","F","F","F","F","42.5669","CARD","M","YES","26800","34","F","F","F","F","F","F"
"11241","T","F","F","T","F","33.8901","CHEQUE","M","NO","13500","22","T","T","F","T","F","T"
"11357","T","F","F","T","F","10.753","CASH","F","YES","23100","26","F","F","F","F","F","F"
"11553","F","F","F","F","T","15.1133","CASH","M","NO","28300","27","F","F","F","F","F","F"
"11565","F","T","F","T","F","44.9745","CASH","F","NO","16400","19","F","T","T","T","F","F"
"11818","F","F","F","F","F","31.9051","CARD","F","YES","29200","48","F","T","F","F","F","F"
"11966","F","F","F","T","T","22.1877","CARD","M","NO","10400","16","T","F","T","F","F","F"
"12291","F","T","F","F","T","41.9518","CASH","M","NO","26700","40","F","F","F","F","F","F"
"12312","F","F","T","F","F","19.2175","CARD","F","YES","25600","34","F","T","F","F","F","T"
"12547","T","F","F","F","F","32.3073","CARD","M","YES","16800","35","F","F","F","T","T","T"
"12582","T","T","F","T","F","25.6014","CASH","M","NO","19600","23","T","T","F","F","F","F"
"12584","T","T","F","F","T","46.6323","CARD","F","YES","17400","29","T","F","F","F","F","F"
"12694","F","F","F","F","T","15.8634","CASH","F","NO","22100","40","T","F","F","F","F","F"
"12782","T","F","F","F","F","31.3296","CHEQUE","F","NO","20300","31","F","F","F","T","F","F"
"12800","F","F","F","F","F","25.7388","CARD","F","YES","23000","49","T","F","F","F","F","F"
"12938","F","F","T","F","F","49.4836","CHEQUE","F","NO","12600","27","F","F","F","T","F","T"
"13325","F","T","F","T","T","41.2805","CARD","F","NO","20500","48","F","F","F","F","F","F"
"13518","F","F","F","F","F","16.3794","CARD","F","YES","25400","50","F","F","F","F","F","F"
"13564","F","F","F","F","F","31.583","CHEQUE","F","YES","12900","19","F","F","T","F","F","F"
"13722","T","F","F","T","F","36.2168","CARD","M","NO","18100","19","T","T","T","F","F","F"
"13747","T","F","F","F","F","12.3374","CARD","F","NO","18700","38","F","F","F","F","F","F"
"13893","F","F","F","T","F","24.8043","CARD","F","YES","17200","19","F","T","F","T","T","T"
"13903","F","F","T","F","F","29.1647","CASH","F","NO","17800","32","T","T","T","T","T","F"
"14015","F","F","F","F","T","31.8657","CASH","M","NO","17200","38","F","F","F","T","F","F"
"14107","F","F","F","T","F","12.9508","CARD","F","NO","27500","33","F","T","F","F","F","F"
"14301","T","F","F","T","T","39.9171","CASH","M","NO","14200","33","F","T","T","T","F","T"
"14368","F","T","F","F","T","34.9178","CHEQUE","F","NO","22800","31","F","F","F","F","T","F"
"14514","F","F","T","F","F","31.6016","CARD","F","YES","11000","45","F","F","F","F","T","F"
"14630","T","F","F","F","F","19.5788","CASH","M","NO","15200","31","F","F","F","T","F","T"
"14658","F","T","F","T","T","46.8048","CARD","F","YES","24700","36","F","F","F","F","T","F"
"14692","F","T","F","F","F","40.8875","CARD","F","YES","14400","19","F","F","F","T","F","F"
"14743","T","T","F","F","F","21.6813","CASH","M","YES","12400","48","T","T","T","T","T","T"
"14759","F","F","T","F","F","14.8671","CARD","M","YES","26600","24","F","F","T","T","F","F"
"14875","T","T","F","F","F","18.5153","CHEQUE","M","YES","29700","36","F","T","F","F","F","F"
"14890","F","F","F","F","F","31.8997","CHEQUE","M","YES","18700","29","F","T","F","F","F","F"
"14891","F","F","F","F","F","18.391","CASH","F","NO","27400","26","F","F","F","T","F","F"
"14912","T","T","F","F","F","39.1559","CHEQUE","M","YES","28100","28","F","F","F","T","F","T"
"14996","F","F","F","T","T","22.2591","CASH","M","YES","26100","17","F","T","T","T","F","T"
"15068","T","F","F","F","F","17.8948","CHEQUE","M","YES","21400","50","F","F","F","F","F","F"
"15072","F","F","F","F","F","41.6457","CARD","M","NO","28400","34","F","F","F","F","F","T"
"15099","T","F","F","T","F","11.2731","CARD","M","NO","15700","16","T","F","F","T","F","T"
"15109","F","F","F","F","F","13.5356","CARD","M","YES","19500","49","F","F","F","F","F","T"
"15177","F","F","F","F","T","24.7919","CARD","F","NO","11700","46","F","F","F","F","F","F"
"15306","T","F","F","F","F","22.3248","CASH","M","NO","16500","41","F","F","F","T","T","T"
"15317","F","F","F","F","F","43.8941","CARD","M","YES","23700","40","F","F","T","F","F","F"
"15590","F","F","F","T","F","44.0704","CASH","M","NO","20800","41","T","F","F","T","F","F"
"15629","F","F","F","T","F","17.004","CASH","F","YES","27700","37","F","F","F","F","F","T"
"15650","F","F","F","T","F","48.7559","CARD","M","YES","22300","28","F","F","F","F","F","F"
"15663","T","F","F","F","F","45.1901","CARD","F","YES","19700","45","F","F","F","F","F","F"
"15835","F","F","F","T","F","24.3642","CASH","F","YES","17100","41","F","F","F","F","F","F"
"15882","T","F","F","F","F","20.7035","CASH","M","YES","14700","20","F","F","F","T","F","T"
"16055","F","F","F","T","F","40.5415","CASH","M","YES","29300","38","F","F","F","F","F","F"
"16220","T","F","T","F","T","34.7872","CHEQUE","M","NO","15300","33","F","F","F","T","F","T"
"16287","F","T","T","F","T","42.5534","CASH","F","NO","25800","16","T","F","F","F","F","F"
"16316","F","F","F","T","F","39.1701","CHEQUE","M","NO","23300","22","T","F","T","F","F","T"
"16342","F","F","F","F","F","46.3814","CARD","M","NO","22700","29","F","F","F","F","F","F"
"16350","F","F","F","F","F","31.8923","CARD","F","YES","22900","16","T","T","F","F","F","F"
"17064","T","F","F","F","F","15.3259","CHEQUE","F","YES","15800","45","F","F","F","F","F","F"
"17110","T","F","F","F","F","12.7214","CASH","M","YES","14700","45","F","F","F","T","T","T"
"17133","F","T","T","F","F","21.3284","CARD","M","YES","21700","22","T","F","F","F","F","T"
"17201","F","T","F","T","F","37.7746","CARD","M","NO","26100","16","T","F","F","T","F","F"
"17375","F","F","F","F","F","12.7641","CHEQUE","M","YES","21800","22","F","F","F","F","T","F"
"17470","T","F","F","T","T","19.0756","CASH","F","NO","26900","42","F","F","F","F","F","T"
"17571","T","F","F","F","F","15.27","CARD","F","YES","22900","23","T","F","T","F","F","T"
"17590","F","F","F","F","F","30.1201","CARD","M","YES","17200","49","F","F","F","F","F","F"
"17747","F","F","F","T","F","33.8601","CARD","M","YES","19900","37","F","F","F","F","F","F"
"17809","F","F","F","F","T","39.6015","CARD","M","YES","27100","20","F","F","F","F","F","F"
"17830","T","F","F","T","F","28.0198","CARD","F","NO","15100","47","T","F","F","F","T","F"
"17864","F","T","F","T","T","35.6562","CHEQUE","F","NO","28900","18","T","F","T","F","F","F"
"17939","F","F","F","F","F","15.8755","CASH","F","NO","16900","46","F","F","F","F","F","T"
"18030","F","F","F","F","F","12.9942","CARD","F","YES","28400","29","T","F","F","F","T","F"
"18079","F","T","F","F","F","24.816","CARD","M","YES","19800","32","F","F","T","F","F","F"
"18126","F","T","T","T","F","34.7134","CARD","F","NO","14200","19","T","F","F","T","F","F"
"18143","F","F","F","F","F","43.5884","CASH","F","YES","15900","36","T","F","F","F","T","T"
"18228","F","F","F","F","F","31.7275","CASH","M","NO","17700","41","F","F","F","T","F","F"
"18331","F","T","F","F","T","47.898","CARD","F","YES","27400","20","T","F","F","F","F","T"
"18334","F","T","F","F","T","42.4343","CASH","F","NO","25900","43","F","F","F","F","F","T"
"18464","F","F","F","F","F","20.9389","CARD","M","YES","24300","22","F","F","F","T","F","F"
"18517","T","F","F","F","F","42.5094","CARD","M","YES","13900","38","T","T","F","T","F","T"
"18708","T","F","F","T","F","30.7868","CASH","F","YES","25900","35","F","F","F","T","T","T"
"18724","T","F","F","F","F","49.1775","CASH","F","NO","13500","17","F","F","T","F","F","F"
"18917","T","F","F","F","T","47.9346","CARD","M","NO","12100","47","F","T","T","T","F","T"
"18920","F","T","T","F","F","45.3683","CASH","M","NO","15800","49","F","F","F","T","F","F"
"18953","F","F","F","T","T","24.2569","CARD","F","NO","11000","17","T","F","F","F","T","F"
"19041","F","F","F","T","F","14.6823","CARD","F","NO","21100","23","T","T","F","T","F","F"
"19078","F","F","F","F","T","38.852","CASH","M","YES","20300","28","T","F","F","F","F","F"
"19193","F","T","T","F","T","22.3496","CARD","M","NO","28700","21","F","F","F","F","F","F"
"19209","T","F","F","F","F","46.367","CARD","M","YES","16900","21","T","T","F","T","F","T"
"19211","T","F","F","F","T","35.9545","CARD","M","NO","12700","28","F","F","F","T","F","T"
"19268","F","F","F","F","F","25.055","CASH","F","YES","11000","29","F","F","F","F","F","F"
"19519","T","F","F","F","T","12.4083","CARD","M","YES","23300","31","F","F","T","F","F","T"
"19613","F","F","F","F","F","46.1507","CARD","F","YES","11000","45","F","F","F","F","T","F"
"19915","F","F","F","T","F","40.0868","CASH","F","NO","15700","21","T","F","F","F","T","F"
"19999","F","F","F","T","F","17.1606","CARD","F","NO","23600","44","T","F","F","T","F","T"
"20158","F","F","F","T","F","23.7441","CHEQUE","M","YES","29000","43","F","F","F","F","T","F"
"20260","F","F","F","F","T","13.1243","CHEQUE","M","YES","21300","21","F","F","F","T","F","F"
"20325","F","T","F","F","F","15.356","CARD","M","YES","26600","24","F","T","T","F","F","T"
"20362","F","F","F","T","F","31.72","CASH","M","YES","25100","38","F","F","F","F","F","T"
"20386","F","F","F","F","F","39.8296","CHEQUE","F","YES","15400","32","F","F","T","F","F","F"
"20521","F","T","F","F","F","46.30","CASH","M","NO","28200","44","T","F","F","T","F","F"
"20556","T","F","F","T","F","20.4104","CARD","M","NO","13900","18","T","F","F","F","F","F"
"20844","F","F","F","F","F","24.3927","CASH","F","YES","13600","45","F","F","F","F","T","F"
"20849","F","T","T","T","T","44.9825","CASH","F","NO","30000","30","F","F","T","T","F","F"
"20991","T","F","F","F","F","37.5076","CARD","M","YES","10500","25","F","F","F","T","F","T"
"21187","T","F","F","F","F","20.5744","CHEQUE","F","YES","15400","36","F","T","F","F","F","F"
"21347","F","F","F","F","T","43.007","CHEQUE","F","YES","15900","24","F","F","F","F","T","T"
"21543","F","T","T","F","F","13.9176","CHEQUE","F","NO","28900","27","F","F","F","T","F","T"
"21787","F","F","F","T","F","19.5369","CASH","M","NO","19700","45","F","F","F","F","F","F"
"21814","T","F","F","F","F","22.3741","CARD","M","NO","12200","23","F","F","F","T","T","T"
"21875","F","T","F","T","F","10.7267","CASH","F","NO","25000","17","T","F","F","F","F","F"
"22316","F","T","T","F","F","29.7579","CASH","F","YES","18000","20","F","F","F","T","T","F"
"23037","F","F","T","F","F","46.0157","CASH","F","YES","15700","45","T","F","F","T","F","F"
"23380","F","F","F","T","F","36.4903","CHEQUE","M","NO","23200","43","F","F","F","F","F","F"
"23419","F","T","T","F","F","15.6201","CASH","F","NO","21000","24","F","F","F","T","T","F"
"23501","F","T","T","T","T","10.225","CASH","M","YES","23000","49","F","F","F","F","F","F"
"23682","T","T","F","F","F","29.7183","CHEQUE","M","YES","16800","48","F","F","F","T","F","T"
"23718","F","T","F","T","F","37.8611","CHEQUE","M","YES","29700","37","F","F","F","T","F","T"
"23784","F","F","F","F","F","25.7551","CASH","F","YES","18500","20","F","F","T","F","F","F"
"23845","T","F","F","F","F","12.4227","CARD","F","YES","15400","47","F","F","T","F","F","F"
"24210","F","F","F","F","F","30.4335","CARD","F","YES","18300","50","F","F","F","T","F","T"
"24258","F","F","F","F","F","34.8282","CARD","F","YES","14300","23","F","F","F","F","F","F"
"24493","F","F","F","T","F","20.8675","CARD","M","YES","28600","45","T","T","F","F","F","F"
"24534","F","F","T","F","T","37.7386","CARD","F","YES","17000","22","T","F","F","F","F","F"
"24566","F","T","F","T","T","39.4489","CARD","F","YES","24300","34","F","F","F","T","T","F"
"24651","F","T","T","F","T","32.1216","CASH","F","NO","22700","37","F","F","F","F","F","F"
"24686","T","T","F","T","T","38.2775","CARD","F","NO","27800","28","F","F","T","F","F","F"
"24864","F","F","F","F","F","24.6676","CASH","F","YES","19200","38","T","F","F","T","F","T"
"24874","F","T","F","F","T","35.938","CASH","F","YES","26700","46","T","T","T","F","F","F"
"25097","F","F","T","F","F","20.0102","CASH","M","NO","21900","40","F","F","F","T","T","T"
"25180","F","F","F","F","F","11.5295","CHEQUE","M","YES","29000","38","F","F","F","F","F","F"
"25256","F","F","F","F","T","39.6933","CARD","M","NO","21600","40","F","T","T","F","F","T"
"25311","F","T","F","F","F","47.5451","CARD","M","YES","29400","24","T","T","F","F","F","F"
"25387","F","F","F","F","F","11.4154","CARD","F","YES","14900","36","F","F","F","F","F","F"
"25405","F","F","F","T","F","36.4166","CARD","M","NO","27600","36","F","F","F","F","T","F"
"25524","F","F","F","F","F","45.9486","CARD","M","NO","25900","36","F","F","F","T","T","T"
"25668","F","T","F","F","T","21.9571","CHEQUE","F","YES","13500","19","F","F","F","F","F","F"
"25765","F","T","F","F","T","35.6814","CHEQUE","F","YES","30000","25","F","F","F","F","F","F"
"25774","F","T","T","T","T","38.771","CASH","F","YES","26700","48","F","T","F","T","T","F"
"26061","T","F","F","T","F","47.0537","CASH","M","NO","11000","22","T","T","F","T","T","T"
"26130","F","T","F","F","F","12.6214","CHEQUE","F","NO","18400","45","F","F","F","T","F","F"
"26291","F","T","T","F","F","14.0896","CARD","F","YES","17100","49","F","T","F","F","F","F"
"26396","F","F","F","F","F","22.7651","CARD","M","YES","27100","47","F","F","F","T","F","F"
"26630","F","T","F","T","F","46.4867","CARD","F","NO","15000","35","F","T","F","F","F","F"
"26748","F","T","F","F","F","23.6883","CARD","F","NO","12200","26","F","F","T","F","F","F"
"26885","T","F","F","F","F","33.1864","CASH","M","YES","13200","28","F","F","T","T","F","T"
"27166","F","F","F","F","F","13.4513","CASH","F","YES","25100","44","F","F","F","F","F","F"
"27306","T","F","T","F","T","17.3906","CHEQUE","F","NO","10600","42","T","F","F","T","F","T"
"27371","F","F","F","T","F","38.7433","CHEQUE","F","NO","26400","25","F","F","F","F","F","T"
"27462","T","F","T","F","F","39.7479","CASH","F","YES","22300","39","F","F","F","F","F","F"
"27496","T","F","F","F","T","16.3272","CARD","F","NO","25700","48","F","F","F","F","F","T"
"27664","F","F","T","T","F","35.6361","CASH","F","YES","19500","26","T","F","T","F","T","T"
"27673","T","T","F","F","T","37.5651","CASH","F","YES","29000","36","F","F","T","F","F","T"
"27682","T","F","F","T","T","18.2962","CHEQUE","F","YES","15500","47","F","F","F","F","F","F"
"27694","T","F","T","F","F","24.8952","CARD","M","YES","14700","41","F","F","T","T","T","T"
"27720","F","F","F","T","F","37.4582","CARD","F","NO","13400","16","F","F","F","F","F","T"
"27766","T","F","F","F","F","40.0773","CARD","F","NO","18900","34","T","F","F","F","F","F"
"27890","F","F","F","F","F","22.2416","CARD","M","YES","23900","26","F","T","F","F","F","T"
"28061","F","T","F","F","T","37.2245","CARD","F","YES","23200","43","F","T","F","T","F","F"
"28081","T","F","F","T","T","26.1124","CARD","M","NO","15400","16","T","T","F","F","T","F"
"28110","F","F","F","F","F","27.6974","CARD","M","YES","12100","21","F","F","F","F","F","T"
"28138","F","F","F","T","F","40.9457","CASH","F","YES","12200","32","F","F","F","F","F","F"
"28233","T","T","F","T","T","40.8109","CASH","F","YES","29900","50","T","F","F","F","F","F"
"28268","F","F","F","T","F","10.8787","CASH","M","NO","21300","26","F","F","T","F","F","F"
"28313","F","T","F","F","T","34.8889","CASH","F","NO","27700","48","T","F","F","F","F","F"
"28314","F","T","F","F","T","38.8062","CARD","F","YES","29200","37","F","F","F","F","F","T"
"28427","T","F","F","F","T","12.9735","CHEQUE","M","NO","10700","32","F","F","F","T","F","T"
"28498","F","T","F","F","F","34.2302","CHEQUE","F","NO","12400","38","F","F","F","F","F","F"
"28528","F","T","F","F","T","40.7113","CHEQUE","F","YES","27600","45","F","F","F","F","T","F"
"28597","T","F","F","F","F","19.2051","CARD","M","YES","16400","18","F","F","F","T","T","T"
"28629","T","F","F","F","T","44.8107","CASH","M","NO","26200","31","F","F","F","F","F","F"
"28630","F","F","F","T","F","30.4989","CHEQUE","F","NO","15100","39","F","F","F","F","T","F"
"28755","F","F","F","T","T","43.9948","CHEQUE","F","YES","11000","25","F","F","F","F","F","F"
"28803","T","F","F","T","F","41.9003","CHEQUE","M","YES","13200","38","F","F","F","T","F","T"
"28935","F","F","F","F","F","22.975","CHEQUE","F","NO","29500","46","T","F","F","F","F","T"
"28959","F","F","F","F","F","21.5852","CASH","M","NO","23600","38","F","F","F","F","F","T"
"28977","T","F","T","F","F","37.2656","CARD","M","NO","11300","33","F","T","F","T","T","T"
"28979","F","T","F","F","T","35.8494","CHEQUE","F","YES","20100","21","F","F","F","T","F","F"
"28994","F","F","F","T","F","11.2168","CASH","F","NO","18500","18","T","F","F","F","T","F"
"29095","T","T","F","F","F","46.7096","CHEQUE","M","NO","15900","42","F","F","F","T","F","T"
"29107","F","F","F","F","F","32.3863","CASH","F","NO","15500","21","F","F","F","F","T","T"
"29192","F","F","F","F","T","21.2654","CASH","M","NO","21500","29","F","T","F","F","F","F"
"29224","T","T","F","T","T","40.9484","CARD","F","NO","24900","16","T","F","F","F","T","F"
"29310","F","T","T","F","F","49.8459","CASH","M","YES","28900","22","F","F","F","F","F","F"
"29316","T","F","T","F","F","34.5206","CARD","M","NO","10800","39","F","F","F","T","F","T"
"29343","F","T","F","F","T","11.0385","CHEQUE","F","NO","27300","46","T","T","F","F","F","F"
"29367","F","F","F","F","F","43.3149","CHEQUE","M","YES","28800","35","F","F","F","F","F","T"
"29483","F","F","F","F","F","29.1147","CHEQUE","M","YES","25400","16","T","F","F","F","F","F"
"29524","F","F","F","F","F","10.7127","CASH","F","YES","25100","37","F","F","F","T","F","F"
"29625","F","F","F","F","F","18.3863","CASH","M","YES","20300","43","F","F","F","F","F","F"
"29640","F","T","F","F","F","28.5955","CASH","F","NO","17800","27","F","F","F","T","T","T"
"29944","T","F","T","T","F","42.8985","CASH","M","NO","29800","18","T","F","F","F","F","T"
"30132","T","F","F","T","F","23.9357","CASH","M","NO","15700","23","T","F","T","T","F","T"
"30239","F","F","T","F","F","42.3719","CARD","M","YES","16100","17","T","F","T","F","F","F"
"30243","T","T","F","F","T","30.3916","CASH","M","YES","11500","33","F","T","F","T","T","T"
"30371","F","F","F","F","F","30.8872","CARD","F","YES","23100","24","T","F","F","F","F","F"
"30390","F","F","T","F","F","26.6278","CASH","M","YES","21400","25","F","F","F","F","F","F"
"30423","F","F","T","F","T","44.942","CHEQUE","F","YES","12200","45","F","F","F","F","F","F"
"30459","F","T","F","T","T","32.6755","CHEQUE","F","NO","20500","29","F","F","F","T","F","F"
"30504","F","F","F","T","F","27.5034","CHEQUE","F","NO","19600","37","F","T","F","F","F","F"
"30558","F","F","F","T","F","16.5851","CARD","F","YES","23800","34","F","F","F","F","F","F"
"30850","F","F","F","T","F","17.1818","CASH","F","NO","19900","34","T","F","F","F","F","F"
"30989","F","F","F","F","T","25.9133","CARD","F","NO","19900","50","F","F","F","F","F","F"
"31011","T","T","F","T","F","39.5627","CARD","M","NO","27100","16","T","F","F","T","F","T"
"31033","F","T","F","F","T","41.5652","CARD","M","NO","17800","47","F","F","T","F","F","F"
"31046","T","F","F","T","F","16.5846","CASH","F","YES","19700","25","T","F","F","T","T","T"
"31083","F","T","T","T","T","45.6146","CASH","F","NO","20700","26","T","T","F","T","F","F"
"31384","F","F","F","F","F","37.2056","CARD","M","NO","27500","27","F","F","F","T","F","F"
"31552","F","F","F","F","T","36.2776","CARD","M","YES","23700","17","T","F","T","F","F","F"
"31828","F","F","F","T","F","30.426","CARD","M","NO","12000","17","F","F","T","F","T","F"
"31921","F","T","F","F","F","34.4264","CHEQUE","M","YES","11600","32","T","F","F","F","F","F"
"32083","F","F","F","F","F","11.4418","CHEQUE","M","NO","18800","42","F","T","T","F","T","F"
"32160","T","F","F","F","T","19.7177","CASH","F","YES","20600","33","F","F","F","F","F","T"
"32182","T","F","F","F","F","13.3271","CASH","F","YES","24300","29","F","F","F","F","F","F"
"32302","F","F","F","F","F","33.8303","CARD","F","YES","12500","37","F","F","F","F","F","F"
"32369","F","F","F","F","T","21.9204","CHEQUE","M","YES","23500","21","F","F","F","T","F","F"
"32380","F","T","F","F","F","11.1224","CARD","F","YES","18900","20","T","F","F","T","F","F"
"32392","F","F","F","T","F","16.1584","CARD","M","NO","27600","22","T","F","F","F","F","F"
"32408","T","F","F","F","F","38.5706","CASH","F","YES","12400","32","F","F","F","F","F","F"
"32432","F","F","F","F","T","28.3847","CHEQUE","M","YES","29700","34","F","T","F","F","F","T"
"32444","F","F","F","T","F","24.2582","CASH","F","NO","28200","17","T","F","T","F","F","F"
"32594","F","F","F","F","F","20.9057","CARD","F","YES","26200","16","F","F","F","F","F","F"
"32646","T","F","F","T","T","26.531","CHEQUE","M","YES","15100","40","T","F","F","T","F","T"
"32669","F","F","F","F","F","49.8042","CASH","M","YES","15600","46","T","F","F","F","F","T"
"33056","F","F","F","F","F","14.4013","CHEQUE","M","NO","23500","27","F","F","F","F","F","F"
"33167","T","F","F","F","F","24.2185","CASH","F","NO","28600","21","F","F","F","F","F","T"
"33172","F","F","F","F","T","31.065","CARD","M","YES","19700","48","F","T","F","F","F","F"
"33173","F","T","F","F","T","36.8328","CASH","F","YES","24700","43","F","F","F","F","F","F"
"33233","F","T","F","F","F","24.774","CARD","M","YES","27200","28","F","T","F","F","F","F"
"33413","F","T","F","F","T","37.9016","CASH","F","NO","20700","39","F","F","F","F","F","T"
"33622","T","T","F","T","F","39.2378","CASH","M","NO","26200","25","T","F","F","F","F","F"
"33697","F","T","F","F","T","21.979","CASH","M","YES","19700","25","F","F","F","F","T","F"
"33891","F","F","F","T","F","12.0017","CARD","F","YES","13100","47","F","T","F","F","F","F"
"34297","F","F","F","F","F","14.9744","CARD","F","NO","22600","32","F","F","F","F","F","F"
"34529","F","F","F","T","T","43.1953","CARD","F","NO","19800","18","T","F","F","F","T","F"
"34593","F","T","F","F","F","35.8231","CARD","M","YES","26800","50","F","F","T","F","T","T"
"34605","F","T","T","F","T","45.77","CARD","F","YES","22000","49","F","F","F","T","T","F"
"34702","F","F","F","T","F","26.3763","CARD","M","YES","29100","25","T","F","F","F","F","F"
"34750","T","F","F","F","F","21.9036","CARD","F","NO","27800","48","T","F","F","T","T","F"
"34756","F","F","F","F","F","15.2704","CARD","F","YES","15900","18","F","F","F","F","F","F"
"34809","F","F","F","F","F","32.7941","CASH","F","NO","11300","38","F","F","F","F","T","F"
"35197","T","T","F","T","F","40.3398","CASH","M","NO","27400","38","F","F","F","F","F","T"
"35262","T","T","F","F","F","26.2512","CHEQUE","M","YES","18100","22","T","F","F","T","F","F"
"35519","F","F","F","F","F","30.2371","CARD","M","YES","21400","32","F","F","F","F","F","T"
"35561","F","F","F","F","T","34.4236","CASH","M","YES","13300","24","F","F","F","F","F","T"
"35707","F","F","T","T","F","16.5348","CASH","M","NO","25300","42","F","F","F","F","F","F"
"35904","F","T","T","T","T","38.0608","CHEQUE","F","NO","28400","20","T","F","T","T","F","F"
"35979","F","F","F","T","F","27.747","CARD","M","NO","19000","35","F","F","F","F","F","F"
"36040","F","T","T","F","F","37.3032","CASH","M","NO","28100","26","F","F","F","F","F","T"
"36190","T","F","T","F","F","28.4132","CHEQUE","M","YES","15500","18","F","F","F","T","F","T"
"36191","T","F","F","T","F","46.4275","CHEQUE","F","NO","11400","24","T","F","T","F","F","T"
"36278","F","F","T","F","F","43.0066","CASH","M","NO","20400","40","F","T","F","F","F","T"
"36364","F","F","F","T","F","19.7256","CARD","F","YES","17600","48","F","F","F","F","T","F"
"36405","T","F","T","F","F","34.8222","CHEQUE","F","YES","18400","19","F","F","F","F","F","T"
"36631","F","F","F","F","F","27.0515","CASH","M","YES","22100","16","F","F","F","F","F","F"
"36857","F","F","F","F","F","46.1326","CASH","M","YES","19100","49","F","T","F","F","F","F"
"36863","F","T","F","F","T","39.4701","CARD","F","YES","25500","34","F","F","T","F","F","F"
"36927","T","F","F","F","T","20.1812","CHEQUE","M","NO","11100","35","F","F","F","T","F","T"
"36951","T","F","F","F","T","12.9531","CHEQUE","F","YES","11700","32","F","F","F","F","F","F"
"37098","F","F","T","F","F","26.6378","CARD","F","YES","14100","37","T","T","F","F","F","F"
"37114","T","F","F","T","T","48.0396","CASH","M","NO","16200","37","F","F","F","T","F","T"
"37166","T","F","F","T","F","16.4835","CARD","F","NO","21600","23","T","F","F","F","F","F"
"37305","F","F","F","F","F","33.9607","CARD","M","NO","18200","49","F","F","F","F","F","F"
"37366","F","F","F","T","F","43.2528","CASH","M","NO","18800","19","T","F","T","F","T","F"
"37523","F","T","T","T","F","27.6713","CARD","F","NO","25200","16","T","T","T","T","F","F"
"37567","F","F","F","F","F","41.7778","CARD","M","NO","26400","46","F","T","T","F","F","T"
"37571","F","T","T","F","F","18.0642","CASH","M","NO","20700","38","F","T","F","T","F","F"
"37784","F","F","F","F","F","49.0631","CARD","M","YES","17400","41","F","F","F","F","T","F"
"37917","F","T","F","F","T","32.2318","CHEQUE","F","NO","27000","32","F","T","F","F","F","F"
"37917","F","T","F","F","T","22.9288","CASH","F","NO","10500","26","T","T","F","F","F","F"
"37917","F","T","F","F","F","32.2318","CHEQUE","F","NO","27000","32","F","T","F","F","F","F"
"37917","F","T","F","F","F","22.9288","CASH","F","NO","10500","26","T","T","F","F","F","F"
"37939","F","F","T","F","F","49.7316","CARD","M","YES","28300","18","T","T","F","F","T","F"
"38014","F","F","T","F","F","23.331","CHEQUE","F","NO","16000","42","F","T","F","T","T","T"
"38055","F","F","F","F","F","14.4497","CARD","F","YES","22600","25","T","F","F","F","F","F"
"38063","F","T","F","T","T","36.0742","CASH","F","NO","29400","16","T","F","F","F","F","F"
"38097","T","T","F","T","F","37.1385","CASH","M","NO","11700","19","T","F","F","T","T","T"
"38360","F","F","F","F","F","35.0157","CASH","F","YES","14700","27","F","F","F","T","F","F"
"38468","F","F","F","F","F","42.7908","CARD","F","YES","18300","23","F","F","F","F","F","F"
"38477","F","F","F","F","T","13.8168","CASH","M","YES","16500","38","F","T","F","F","F","F"
"38600","F","T","F","F","T","47.476","CARD","M","NO","22500","48","F","F","F","F","F","F"
"38608","T","F","F","F","F","42.7334","CARD","M","YES","24400","21","F","T","F","F","F","F"
"38645","T","T","F","T","T","47.2099","CASH","F","YES","21900","20","T","F","F","F","T","F"
"38723","T","F","T","T","F","17.159","CHEQUE","F","NO","28400","16","T","F","F","F","F","F"
"38765","T","F","F","F","F","22.2034","CASH","M","YES","24400","22","F","F","F","F","F","F"
"39042","F","T","F","F","T","49.8321","CASH","F","NO","24200","46","F","F","F","F","T","F"
"39077","F","F","F","F","F","20.5746","CARD","M","NO","28200","34","F","T","F","F","T","F"
"39080","F","F","F","T","F","18.3878","CARD","F","YES","21000","36","F","F","F","T","F","F"
"39081","T","T","T","F","F","47.5807","CHEQUE","M","YES","10600","18","F","T","T","T","T","T"
"39221","F","F","F","F","F","35.3104","CARD","M","NO","23100","43","F","T","F","F","T","F"
"39581","F","F","F","F","F","29.2526","CASH","F","YES","27900","49","F","F","F","F","F","F"
"39715","F","F","F","F","F","28.2126","CASH","M","YES","20200","17","T","F","F","F","F","F"
"39808","F","F","F","F","T","42.7123","CHEQUE","M","NO","27000","46","F","T","T","F","F","F"
"39817","T","F","F","F","F","13.2005","CASH","F","YES","17500","49","F","F","F","F","F","F"
"39884","F","T","F","F","F","31.2737","CASH","M","NO","29700","21","F","F","F","F","F","F"
"39914","F","F","F","F","F","36.7285","CARD","F","YES","13700","26","T","F","T","F","F","F"
"39952","T","F","T","F","F","35.3369","CARD","M","NO","15900","37","F","F","F","T","F","T"
"39970","T","F","F","F","F","46.7406","CHEQUE","M","YES","13900","22","F","F","F","T","F","T"
"40090","F","F","F","F","F","41.4851","CHEQUE","F","YES","13200","25","F","F","F","T","F","T"
"40208","F","F","F","F","F","23.167","CASH","F","NO","28900","40","T","T","F","F","T","T"
"40282","F","T","F","F","T","33.5207","CASH","F","YES","20500","42","F","F","T","F","F","T"
"40459","F","T","F","F","T","37.9935","CARD","F","NO","23700","47","F","F","T","F","F","F"
"40505","F","T","F","F","T","43.0394","CARD","F","NO","25400","50","F","T","T","F","F","F"
"40542","F","F","F","F","F","44.2289","CARD","F","NO","16300","42","F","F","F","F","F","F"
"40579","F","T","F","F","T","49.542","CASH","F","YES","24600","45","F","F","F","F","F","F"
"40659","T","F","F","F","F","27.48","CARD","M","YES","15000","39","F","F","F","T","F","T"
"40690","F","F","T","F","F","28.6205","CASH","M","NO","24800","45","F","F","F","T","F","T"
"40743","F","F","F","F","F","25.3732","CARD","M","YES","19200","24","F","F","T","F","F","F"
"40789","F","F","F","T","T","11.186","CASH","F","NO","12800","16","T","F","T","F","F","F"
"40949","T","F","F","F","F","10.117","CASH","M","YES","16000","39","T","F","T","T","T","T"
"41132","F","F","F","F","T","18.4412","CHEQUE","F","NO","19900","42","F","F","F","T","F","F"
"41157","F","F","T","F","F","20.2332","CASH","F","NO","15200","40","T","F","T","F","T","T"
"41792","F","F","F","T","F","14.5692","CASH","M","NO","29600","22","T","F","F","F","F","F"
"41805","T","F","F","T","T","48.5787","CASH","M","NO","16300","25","F","F","F","T","F","T"
"41841","F","F","T","F","T","18.2815","CASH","M","NO","21500","40","T","T","T","T","F","F"
"41866","F","F","F","F","F","20.4519","CASH","F","NO","16100","34","F","F","F","F","F","F"
"41996","F","F","F","F","T","28.3472","CARD","F","YES","23900","48","F","F","T","F","F","F"
"42037","F","F","F","F","F","49.7612","CASH","M","NO","29900","25","F","F","F","F","T","F"
"42056","F","T","F","T","F","44.8521","CARD","F","YES","13900","30","F","F","F","F","F","F"
"42163","F","F","F","F","F","44.9981","CASH","M","NO","29300","29","T","F","F","F","F","F"
"42167","F","T","T","F","F","10.6201","CARD","F","NO","11100","35","F","T","F","F","F","F"
"42381","T","T","F","T","F","46.0621","CASH","M","NO","13100","31","F","F","F","T","T","T"
"42459","F","T","T","F","T","32.6446","CARD","F","YES","23800","47","F","F","F","F","T","T"
"42524","F","F","T","T","F","14.2989","CHEQUE","F","NO","25700","22","T","T","T","F","F","F"
"42583","F","F","F","F","F","35.6757","CASH","F","YES","13300","24","F","F","F","F","F","F"
"42653","F","F","T","F","F","14.0502","CARD","M","YES","25300","49","F","F","F","F","F","F"
"42689","F","F","F","F","T","12.2038","CARD","F","NO","20000","40","T","F","F","F","F","F"
"42778","T","F","T","F","F","35.2808","CASH","M","YES","15500","17","F","F","T","T","F","T"
"42927","F","F","F","F","F","25.6375","CARD","F","YES","14600","24","F","F","F","F","F","F"
"43044","F","F","T","F","F","29.8836","CASH","M","YES","21700","32","T","T","F","F","F","F"
"43111","F","F","T","F","F","43.4371","CASH","F","YES","11400","27","F","F","T","T","F","F"
"43228","F","F","F","F","F","40.0922","CASH","M","NO","28600","44","T","F","F","F","F","F"
"43401","T","F","F","T","F","29.4406","CASH","M","NO","11600","24","T","F","F","T","F","T"
"43498","F","F","F","F","F","33.6065","CHEQUE","F","YES","17000","44","F","F","F","F","F","F"
"43550","T","F","T","F","F","10.5365","CASH","M","NO","10200","47","F","F","F","T","F","T"
"43557","F","F","F","F","F","24.5056","CASH","F","YES","10800","25","T","F","F","F","F","F"
"43800","T","T","F","F","T","44.2831","CARD","F","YES","27900","36","F","F","F","T","F","F"
"43962","F","F","F","T","F","11.6764","CHEQUE","M","NO","22600","49","F","F","F","F","F","F"
"43964","F","T","F","F","F","29.4585","CASH","F","NO","18500","24","T","F","F","T","F","F"
"44235","T","T","F","F","T","27.7268","CASH","F","YES","23200","41","F","F","T","F","F","F"
"44294","T","F","F","F","F","38.5314","CASH","M","NO","16300","18","F","F","T","T","F","T"
"44452","T","F","F","F","F","12.6097","CARD","F","NO","11900","30","T","F","F","F","T","F"
"44562","F","F","T","F","F","13.532","CHEQUE","F","YES","28600","50","F","F","F","F","F","T"
"44594","F","T","F","F","T","46.6746","CASH","F","YES","23400","50","F","F","F","F","F","F"
"44775","T","T","F","T","F","23.5745","CHEQUE","F","NO","26400","44","T","F","F","F","F","F"
"44825","F","F","F","T","T","36.9448","CARD","F","NO","12600","50","F","T","F","F","F","F"
"44887","F","F","F","F","F","46.8983","CARD","M","YES","28400","41","T","F","F","F","F","F"
"45019","F","F","F","F","F","47.2341","CARD","M","NO","19800","48","F","T","F","F","F","F"
"45102","F","F","F","T","F","32.5518","CASH","M","NO","28800","16","T","F","F","F","F","T"
"45375","F","F","F","F","F","39.4947","CARD","M","NO","25100","50","F","F","F","F","T","T"
"45992","F","F","F","F","F","13.6452","CASH","F","YES","16500","49","F","F","F","F","F","F"
"46005","F","F","F","F","F","30.8594","CARD","M","NO","26200","32","F","F","F","F","F","F"
"46054","T","F","T","F","T","14.2814","CARD","M","NO","15000","46","F","T","F","T","T","T"
"46071","F","F","T","T","F","18.1207","CASH","F","NO","25100","32","T","F","F","F","F","F"
"46278","T","F","F","F","F","34.0079","CARD","M","NO","23400","40","T","T","F","T","F","F"
"46419","F","F","F","F","T","45.3239","CARD","F","NO","20000","27","F","F","F","F","F","F"
"46471","F","F","F","F","F","25.4795","CHEQUE","M","YES","17100","23","F","F","F","F","F","F"
"46539","F","F","F","T","F","38.3992","CHEQUE","M","NO","20400","23","T","F","T","F","T","F"
"46686","F","F","F","F","F","29.5925","CHEQUE","F","NO","17500","34","F","F","T","F","F","F"
"46730","F","F","F","F","F","41.6178","CARD","F","NO","18700","35","T","F","F","F","T","F"
"47136","F","F","F","T","F","22.032","CASH","F","NO","24400","43","F","F","F","F","F","F"
"47251","F","T","T","T","T","46.4065","CARD","F","YES","29100","43","T","T","F","T","F","F"
"47307","F","F","F","F","F","29.8812","CARD","F","NO","11400","45","F","F","F","F","F","F"
"47330","F","T","F","F","T","20.9348","CASH","F","YES","18800","21","T","F","F","F","F","T"
"47341","F","F","F","T","T","31.9765","CARD","M","NO","20300","16","T","F","F","F","F","T"
"47343","F","T","F","F","T","48.9554","CARD","F","YES","28300","41","F","T","F","F","F","T"
"47421","F","F","F","F","F","28.7408","CASH","M","YES","17400","49","F","F","F","F","F","F"
"47441","F","F","F","F","T","13.5428","CARD","F","YES","21600","36","F","T","F","F","F","T"
"47489","F","T","F","F","T","23.0236","CARD","M","YES","18400","41","F","F","F","F","F","F"
"47547","F","F","T","F","F","42.8159","CASH","F","YES","16900","46","F","F","F","F","F","F"
"47598","T","T","F","F","T","42.9427","CARD","F","YES","23900","40","T","F","F","F","F","F"
"47638","T","F","F","F","F","25.666","CASH","M","YES","10200","41","F","F","F","T","F","T"
"47645","F","F","F","F","F","35.6412","CASH","F","NO","13000","35","F","F","F","F","F","F"
"47913","F","T","F","F","T","49.0675","CHEQUE","F","NO","28900","25","F","F","T","F","F","F"
"47914","F","T","F","T","T","44.5913","CASH","F","YES","24700","32","F","T","F","F","F","F"
"47923","T","F","T","F","F","26.039","CARD","M","YES","24000","38","F","F","T","T","F","F"
"48247","F","F","F","F","F","48.6794","CHEQUE","F","NO","11000","50","F","F","F","F","F","F"
"48749","F","F","F","T","F","18.471","CARD","F","YES","21100","30","F","F","F","F","F","F"
"48783","T","F","F","F","F","24.61","CARD","M","NO","16500","50","T","F","F","T","F","T"
"48893","F","F","F","F","T","28.3283","CHEQUE","F","YES","10600","49","F","F","F","F","F","F"
"48896","F","F","F","F","F","30.4368","CASH","F","YES","17200","22","F","F","F","F","F","F"
"49085","F","T","F","T","T","26.1937","CARD","M","NO","29400","25","F","F","F","F","F","F"
"49225","F","F","F","F","F","13.8218","CARD","F","YES","16300","43","F","F","F","F","F","F"
"49632","F","F","F","T","T","10.7717","CARD","M","NO","21700","21","F","F","F","T","T","F"
"49658","F","F","T","F","T","17.2076","CARD","M","YES","17600","40","F","T","F","T","F","F"
"49769","F","F","F","F","F","20.058","CARD","M","YES","26300","19","F","T","F","F","F","F"
"49861","T","F","F","F","F","38.8491","CASH","M","YES","20300","32","F","F","F","F","F","F"
"50064","T","F","F","T","F","47.0822","CARD","M","NO","15400","20","T","F","T","T","F","T"
"50087","F","T","F","F","F","40.9255","CARD","F","NO","17300","45","F","F","F","F","F","F"
"50104","T","F","F","T","F","25.603","CASH","M","NO","13800","23","T","F","F","F","F","F"
"50142","F","T","F","F","F","17.7878","CARD","M","YES","24500","23","F","F","F","F","F","F"
"50150","F","T","T","T","F","39.5248","CASH","F","NO","18800","27","T","F","F","F","F","F"
"50180","F","F","T","F","T","35.5435","CASH","M","YES","23700","42","F","F","F","T","T","F"
"50258","F","F","F","F","F","43.0885","CASH","F","YES","19100","25","F","T","F","F","F","F"
"50324","F","F","T","T","F","20.1004","CASH","M","YES","28900","16","F","T","F","F","F","F"
"50531","F","F","F","F","F","37.4002","CARD","F","YES","10700","36","T","T","T","F","F","F"
"50551","F","F","T","F","F","27.6473","CARD","F","NO","13500","27","T","F","T","T","F","T"
"50633","F","F","F","F","T","23.0638","CHEQUE","M","YES","19200","46","F","F","F","F","F","F"
"50645","F","F","F","F","F","31.6988","CHEQUE","F","YES","30000","45","F","T","F","F","F","T"
"50647","F","F","F","F","F","38.5632","CARD","M","YES","22100","25","F","F","F","T","F","F"
"50961","T","F","F","F","F","24.0284","CASH","F","YES","16600","16","F","F","F","F","F","F"
"51183","F","F","F","F","F","22.3157","CASH","F","NO","23100","25","F","F","F","F","F","F"
"51384","F","F","F","T","F","14.8697","CASH","F","NO","11200","47","F","F","F","F","F","F"
"51732","T","F","F","F","F","41.0697","CASH","M","YES","15300","33","F","T","F","T","F","T"
"51818","F","F","F","F","F","16.6528","CARD","M","NO","26300","34","T","F","F","F","F","F"
"51846","F","F","F","T","F","37.0748","CARD","F","NO","14000","21","T","F","F","F","F","F"
"51916","T","F","T","F","F","24.7427","CASH","F","NO","14000","23","F","F","T","F","T","F"
"51939","T","T","F","F","F","43.2419","CARD","M","YES","11500","47","F","F","F","T","F","T"
"51979","T","F","F","F","T","20.5285","CARD","M","YES","11100","16","F","F","F","T","T","T"
"52011","T","F","F","F","F","39.1196","CASH","F","NO","24500","25","F","F","F","F","F","F"
"52128","F","F","F","F","F","13.6852","CARD","M","YES","29000","29","F","F","F","T","F","T"
"52359","F","T","F","T","F","26.2052","CHEQUE","F","NO","10300","16","T","F","F","F","F","T"
"52421","T","T","T","T","F","31.7355","CARD","M","NO","15000","16","T","F","F","T","T","T"
"52451","F","T","F","F","F","49.056","CHEQUE","M","NO","22800","47","F","T","T","F","F","F"
"52530","F","F","T","F","F","28.0822","CASH","F","NO","18400","35","F","F","F","F","F","F"
"52903","F","F","F","F","F","38.6381","CASH","M","YES","24100","32","F","F","F","F","F","F"
"53320","F","F","T","T","F","46.27","CARD","M","YES","18200","39","F","F","F","F","T","F"
"53750","F","T","F","F","T","38.5113","CHEQUE","F","YES","24800","23","F","F","F","F","F","F"
"53953","F","F","T","F","F","26.9729","CARD","F","NO","11100","48","T","T","F","F","F","F"
"53959","T","F","T","F","T","40.8684","CASH","F","YES","16800","27","F","T","T","F","F","F"
"54152","T","T","F","F","F","20.595","CARD","M","YES","24400","38","F","F","F","F","F","T"
"54172","T","F","F","T","F","10.4023","CHEQUE","F","YES","19800","46","F","T","F","F","F","F"
"54180","T","F","F","F","F","43.0372","CASH","M","NO","13500","32","F","T","F","T","F","T"
"54190","F","F","F","F","F","36.4736","CASH","F","YES","19300","24","F","F","F","F","F","F"
"54313","F","F","T","T","T","30.6545","CASH","M","NO","27600","22","T","F","F","F","F","F"
"54314","F","F","F","F","F","31.2939","CASH","F","YES","28700","44","F","T","F","F","F","F"
"54462","T","T","F","F","F","38.8386","CASH","M","NO","15900","31","F","F","T","T","F","T"
"54981","F","T","F","F","F","49.2205","CASH","M","YES","24800","17","F","F","F","T","T","F"
"55091","T","F","F","F","F","40.2274","CASH","M","NO","24400","19","F","F","F","F","T","F"
"55295","F","F","F","F","F","32.6529","CARD","F","NO","12400","47","T","F","T","F","T","T"
"55418","F","F","F","F","F","20.8812","CARD","F","YES","16800","23","T","F","F","F","F","F"
"55550","F","T","F","F","F","31.475","CASH","M","NO","21500","28","T","F","F","F","F","T"
"55552","F","F","F","T","F","41.6462","CARD","M","YES","19800","50","T","F","F","F","F","F"
"55625","F","T","T","F","T","44.8626","CARD","F","NO","27400","38","T","T","F","F","T","F"
"55629","F","F","F","T","F","49.6018","CASH","M","YES","27100","27","F","F","F","F","F","F"
"55652","T","F","F","T","F","41.7166","CARD","M","NO","14100","20","T","F","F","T","F","T"
"55951","F","T","F","F","T","15.6793","CARD","M","NO","23600","39","F","F","F","F","F","F"
"55992","F","F","T","T","F","17.2856","CASH","M","YES","25700","30","F","F","F","F","T","F"
"56034","T","F","F","T","F","41.2711","CASH","M","NO","14100","16","T","T","F","T","F","T"
"56097","F","T","F","F","T","46.7188","CASH","F","YES","23400","25","F","F","F","F","F","F"
"56220","F","F","F","F","F","12.6155","CARD","F","YES","12500","28","F","T","F","F","T","F"
"56258","F","T","T","F","F","21.5804","CARD","F","NO","14500","48","T","F","F","F","F","F"
"56452","F","F","F","F","T","20.8234","CHEQUE","M","NO","25700","48","T","T","F","F","T","F"
"56677","F","F","F","F","F","30.3099","CASH","F","NO","27800","42","T","F","F","F","F","F"
"56851","T","F","F","F","F","21.6406","CARD","M","NO","13400","29","F","F","F","T","F","T"
"56885","T","F","T","F","T","33.5694","CHEQUE","M","NO","15500","27","F","T","F","T","T","T"
"57068","F","F","F","F","F","22.8535","CHEQUE","M","NO","20900","42","F","F","T","F","F","F"
"57101","F","F","F","F","F","20.7588","CARD","M","YES","19800","49","T","F","F","F","F","T"
"57102","T","F","F","T","F","19.9099","CASH","M","NO","16100","30","F","F","F","T","F","T"
"57207","F","T","F","F","T","39.1627","CHEQUE","M","YES","29700","48","F","F","T","F","F","F"
"57268","F","F","T","F","F","25.0267","CASH","M","YES","22000","25","T","T","F","F","F","F"
"57582","F","F","F","F","F","24.6694","CASH","M","YES","29900","39","F","F","T","F","T","F"
"57615","F","F","F","F","T","46.7916","CARD","M","YES","19700","41","T","F","F","F","T","F"
"57678","F","F","F","F","F","47.6595","CHEQUE","M","NO","24900","29","F","F","F","F","F","T"
"57762","F","F","F","F","F","26.7967","CASH","M","YES","20700","36","T","F","F","F","T","F"
"57851","T","F","F","F","T","29.562","CASH","F","YES","18700","43","T","F","F","F","T","F"
"57952","F","T","F","F","T","35.1487","CHEQUE","F","NO","26900","48","F","F","F","T","F","F"
"58144","F","F","F","F","F","28.8307","CARD","F","NO","29100","38","F","F","F","F","T","T"
"58154","F","F","F","F","F","49.1367","CHEQUE","M","NO","21300","50","F","F","F","F","T","F"
"58188","F","F","F","T","F","36.0631","CARD","M","NO","29900","19","T","F","F","F","T","F"
"58235","F","T","F","F","T","48.1146","CASH","F","NO","23400","45","F","F","F","T","F","F"
"58288","F","F","F","F","F","14.481","CARD","M","NO","16000","24","F","F","F","F","F","F"
"58341","F","F","F","F","F","32.8363","CASH","F","YES","12900","38","F","F","F","T","T","F"
"58343","F","F","F","F","T","13.3662","CARD","M","YES","20700","44","F","F","T","F","F","F"
"58388","T","F","T","F","F","18.7703","CHEQUE","M","NO","23800","39","F","F","F","F","T","F"
"58485","F","F","F","F","T","35.5474","CHEQUE","M","NO","28000","27","T","F","F","F","F","T"
"58566","F","F","T","F","F","37.6643","CASH","M","NO","18700","46","F","T","F","F","F","F"
"58768","F","T","T","F","F","18.0798","CHEQUE","F","YES","10800","16","F","F","F","F","F","F"
"58803","T","F","F","F","T","11.2921","CHEQUE","M","NO","13500","39","F","T","F","T","F","T"
"58914","F","F","F","F","F","28.9163","CARD","F","YES","25500","50","F","F","F","F","F","T"
"59071","T","F","F","T","F","28.0768","CHEQUE","F","YES","28100","35","F","F","F","F","T","F"
"59184","F","F","F","F","F","12.4807","CASH","F","NO","14900","36","F","T","F","F","F","F"
"59297","T","T","F","F","T","49.3566","CHEQUE","F","NO","22000","28","F","F","F","T","T","F"
"59349","T","F","T","F","F","28.4931","CARD","M","YES","16200","18","T","F","F","T","F","T"
"59352","F","T","F","T","T","49.4212","CASH","F","YES","21300","24","F","F","F","F","F","F"
"59389","F","F","F","F","F","39.5687","CARD","F","NO","14500","29","F","F","F","T","F","F"
"59439","T","F","F","F","F","20.7784","CASH","M","YES","22000","24","T","F","F","F","F","F"
"59480","F","T","F","T","F","10.3282","CASH","F","NO","27100","18","T","T","T","T","F","F"
"59580","T","F","F","F","F","40.8781","CASH","M","YES","14200","50","T","F","T","T","F","T"
"59590","T","F","T","F","F","27.9826","CARD","M","YES","16200","26","F","F","T","T","F","T"
"59599","T","F","F","F","F","27.4881","CASH","F","YES","18700","28","F","F","F","F","T","T"
"60073","F","T","F","T","F","11.656","CARD","M","YES","22600","34","F","F","F","F","F","F"
"60153","T","T","F","F","F","47.156","CARD","M","YES","27400","31","F","T","F","F","T","F"
"60159","T","F","F","F","F","43.2178","CARD","M","NO","11600","47","F","F","F","T","F","T"
"60240","F","F","F","F","F","21.9871","CASH","M","YES","23800","45","F","F","F","F","F","F"
"60499","F","F","F","F","F","11.8442","CASH","M","YES","12800","30","T","T","F","F","F","F"
"60571","F","F","F","T","F","24.6707","CASH","F","NO","18600","29","F","F","F","F","F","T"
"60688","F","F","F","F","F","37.1075","CASH","M","NO","24400","38","F","F","F","F","F","F"
"60755","F","F","F","T","F","13.7796","CASH","F","YES","20000","48","T","F","F","F","F","F"
"60820","F","F","F","F","F","32.9802","CASH","F","NO","12300","20","F","F","F","T","F","F"
"60890","T","F","T","T","T","44.6318","CARD","M","NO","15800","28","F","T","F","T","F","T"
"61011","T","F","F","F","T","18.1253","CASH","M","YES","25000","21","F","F","F","F","F","F"
"61107","F","F","F","F","F","30.314","CARD","F","YES","21100","30","T","F","T","F","F","F"
"61144","F","F","T","T","F","10.3736","CASH","F","NO","27400","24","T","F","T","F","F","F"
"61159","F","F","T","T","F","47.2278","CARD","M","NO","25000","21","T","T","F","F","T","F"
"61255","F","T","T","F","T","49.5666","CASH","F","NO","28300","31","F","F","T","F","F","F"
"61270","F","T","F","F","F","31.9036","CARD","M","NO","28500","49","F","F","F","F","F","F"
"61309","F","T","F","F","F","22.5496","CHEQUE","M","YES","18100","44","F","F","F","F","T","F"
"61329","F","F","F","F","F","26.9282","CARD","F","YES","17200","49","T","F","F","F","F","F"
"61342","T","F","F","F","F","26.5892","CASH","F","NO","18900","41","F","F","F","T","T","F"
"61618","F","F","F","F","T","34.4744","CHEQUE","F","YES","15600","49","F","F","F","T","F","F"
"61789","T","F","F","T","F","14.3525","CASH","M","NO","25100","37","F","F","F","T","F","F"
"61869","T","T","F","F","F","31.8011","CASH","M","NO","12100","46","T","F","F","T","F","T"
"62022","F","T","F","F","T","42.7131","CASH","F","NO","13300","40","F","F","F","F","F","F"
"62060","T","F","F","F","F","40.7025","CARD","M","YES","11100","42","F","F","F","T","F","T"
"62175","T","F","F","T","F","17.9183","CASH","M","NO","13300","16","T","T","F","T","T","T"
"62264","F","F","F","F","T","43.3344","CARD","M","YES","18200","26","F","F","F","F","F","F"
"62455","F","F","F","T","F","35.2522","CARD","F","YES","16800","43","F","F","F","F","F","F"
"62789","T","F","F","F","F","15.1609","CASH","M","NO","14000","25","T","F","F","T","F","T"
"62993","F","F","F","F","F","36.0895","CARD","F","YES","27800","45","F","F","T","F","F","F"
"62995","F","F","T","F","F","14.0467","CASH","F","YES","20800","30","T","F","F","F","F","F"
"63138","F","F","F","T","F","16.9606","CHEQUE","M","NO","17100","22","T","F","F","F","F","T"
"63368","T","F","F","F","F","42.4066","CARD","M","NO","13000","38","T","F","F","T","F","T"
"63420","F","F","F","T","F","22.7588","CHEQUE","M","NO","19500","21","T","F","T","F","F","T"
"63452","T","F","F","F","F","17.8916","CASH","M","NO","12000","48","F","F","F","T","T","T"
"63694","F","F","F","F","F","22.3043","CARD","F","YES","11700","29","T","F","T","T","F","F"
"63779","F","F","T","F","F","45.9019","CHEQUE","F","NO","11300","48","F","F","F","F","F","F"
"63817","F","F","F","F","F","29.1748","CHEQUE","M","YES","19600","28","F","F","F","F","F","F"
"63829","T","F","F","F","T","29.8575","CARD","F","NO","13100","45","F","F","F","F","F","F"
"63880","F","F","F","T","F","16.7477","CASH","F","NO","20800","23","T","F","F","F","T","F"
"63979","T","F","T","F","F","39.10","CARD","M","YES","20400","17","F","F","F","F","T","F"
"63996","F","F","F","T","F","13.7353","CHEQUE","F","NO","22600","23","F","F","F","T","F","F"
"64053","F","T","F","F","F","31.1795","CHEQUE","F","NO","27200","36","F","F","F","F","F","F"
"64215","T","F","F","F","F","17.0993","CASH","M","NO","15300","42","T","F","F","T","T","T"
"64239","T","T","T","F","F","27.5083","CARD","M","YES","15800","22","F","F","F","T","F","T"
"64281","T","T","F","T","F","17.718","CARD","M","NO","11000","47","T","F","T","T","F","T"
"64561","F","F","T","F","F","23.6794","CASH","F","YES","28200","33","F","F","F","F","T","F"
"64596","T","F","F","T","F","42.1336","CASH","M","YES","24500","28","F","T","T","F","F","F"
"64668","T","F","T","F","F","31.2009","CASH","M","NO","11200","49","F","F","T","T","T","T"
"64752","T","F","F","F","F","18.8473","CASH","F","NO","14100","38","F","F","T","T","F","F"
"64861","T","F","F","F","T","18.7711","CASH","M","YES","27200","49","F","F","T","F","F","T"
"64892","F","T","F","F","F","38.9995","CASH","F","YES","12900","46","F","F","F","F","F","T"
"65006","F","F","T","T","F","10.546","CASH","F","NO","12600","24","T","F","F","F","F","F"
"65088","F","F","F","T","T","11.9406","CHEQUE","M","NO","27000","19","T","T","F","F","F","F"
"65225","F","F","F","F","F","43.856","CHEQUE","F","YES","25900","48","F","F","T","F","F","F"
"65418","F","T","F","F","T","38.6017","CASH","F","YES","24600","48","F","F","F","F","F","F"
"65425","T","F","F","F","F","23.0249","CARD","F","YES","14300","25","F","F","T","F","F","F"
"65493","F","F","T","F","F","26.7732","CASH","M","YES","19900","43","F","F","F","F","F","F"
"65853","F","F","F","F","F","20.6815","CASH","M","YES","17500","33","T","F","T","F","F","F"
"66117","F","F","F","T","F","25.4945","CHEQUE","F","NO","27200","26","F","F","F","F","T","F"
"66191","T","F","F","F","F","37.5233","CASH","F","NO","22600","35","T","F","T","F","F","T"
"66267","T","T","F","T","T","15.686","CASH","F","NO","27300","21","T","T","T","F","F","F"
"66551","F","F","F","T","F","43.8679","CASH","M","NO","22000","30","F","F","T","F","F","F"
"66618","F","F","F","F","F","30.501","CASH","F","NO","15300","50","T","T","F","T","T","F"
"66651","F","F","F","F","F","25.6292","CHEQUE","F","YES","27900","44","F","F","F","F","F","F"
"66711","F","F","F","F","F","41.407","CASH","F","NO","15400","48","F","F","T","F","F","F"
"66886","F","F","F","F","F","10.6842","CASH","M","YES","25100","41","T","F","T","F","T","F"
"66940","F","T","T","T","T","43.9612","CARD","F","NO","22100","35","F","F","F","F","F","F"
"66988","T","F","F","T","F","17.9591","CARD","M","YES","12300","43","F","F","F","T","F","T"
"67063","F","T","T","T","T","40.0147","CARD","F","YES","23300","46","F","T","F","F","F","F"
"67133","F","T","F","F","T","36.6913","CHEQUE","M","NO","11800","39","F","F","F","T","F","T"
"67211","F","F","F","F","F","16.8537","CARD","F","NO","23600","43","F","F","F","F","F","F"
"67362","F","F","F","F","T","25.3567","CASH","F","NO","30000","28","F","T","F","F","F","F"
"67455","T","F","F","F","F","18.198","CARD","F","YES","19300","40","F","T","F","F","F","F"
"67697","F","F","F","F","F","12.9477","CARD","M","NO","18200","44","F","F","T","F","F","T"
"67799","F","F","F","T","T","16.9724","CARD","F","NO","21300","16","T","F","F","F","F","T"
"67809","F","F","T","F","F","10.3765","CHEQUE","F","NO","11600","39","F","F","F","F","F","T"
"68006","F","F","F","F","F","11.4931","CARD","M","YES","27800","19","F","T","F","F","F","F"
"68058","F","T","F","T","T","49.8863","CASH","F","NO","29000","22","T","F","T","F","F","F"
"68104","T","F","F","T","F","12.329","CHEQUE","F","NO","20800","45","F","F","F","T","F","T"
"68119","F","F","T","F","T","15.1803","CHEQUE","F","YES","12900","25","F","F","F","F","T","F"
"68156","T","F","T","F","F","18.1151","CHEQUE","F","NO","26300","40","F","F","F","F","F","F"
"68193","F","F","F","F","F","15.7157","CARD","F","YES","29600","24","T","F","F","F","F","F"
"68438","F","F","F","F","T","23.4241","CASH","F","YES","21700","46","T","F","F","F","F","F"
"68489","F","F","F","T","F","22.5684","CHEQUE","F","YES","24900","18","F","F","F","F","F","T"
"68501","F","F","T","T","F","15.3726","CHEQUE","F","NO","24000","31","T","T","F","F","F","F"
"69110","T","T","F","T","T","11.8488","CASH","M","NO","14800","16","T","F","F","T","T","T"
"69122","F","F","F","F","F","32.0161","CARD","M","YES","29300","34","F","F","T","F","T","F"
"69372","F","F","F","F","T","11.5395","CARD","F","YES","10700","35","F","T","F","F","F","F"
"69380","F","T","F","F","T","34.0379","CHEQUE","F","NO","21600","40","F","F","F","F","F","F"
"69401","F","T","F","F","T","36.754","CASH","F","NO","22700","25","T","F","F","F","T","F"
"69718","F","T","T","F","T","43.3975","CARD","F","YES","29400","29","F","F","F","F","F","F"
"69720","F","F","F","F","F","13.7837","CARD","F","NO","16600","41","F","T","F","F","F","F"
"69754","F","F","T","F","F","44.0797","CASH","M","YES","25900","24","F","F","T","F","F","F"
"69774","T","T","T","F","F","25.4476","CASH","M","YES","15900","45","F","F","F","T","F","T"
"69802","T","F","F","F","F","43.5423","CASH","F","YES","11000","33","F","F","F","T","F","F"
"69884","F","F","T","F","T","18.91","CASH","M","YES","21800","30","F","F","F","F","F","F"
"69934","F","F","F","T","F","31.1787","CHEQUE","F","YES","21300","41","F","F","F","F","F","F"
"69965","T","F","F","T","F","38.7874","CARD","M","NO","22300","21","T","F","T","F","F","F"
"70014","F","T","F","F","F","17.4934","CARD","M","NO","28700","25","F","F","F","T","F","F"
"70018","T","T","F","T","T","42.7998","CHEQUE","F","YES","25800","39","T","F","T","F","F","T"
"70063","F","T","F","F","F","28.3932","CHEQUE","M","NO","18700","35","F","F","F","F","F","F"
"70182","F","F","F","F","F","11.3005","CARD","F","YES","12200","18","F","F","F","T","F","T"
"70206","F","F","F","F","F","15.322","CHEQUE","M","YES","18000","33","T","F","F","T","F","F"
"70336","F","F","F","F","F","45.3326","CASH","F","YES","12200","20","T","F","T","F","F","F"
"70359","F","F","F","T","F","35.1138","CHEQUE","F","YES","14400","46","T","F","F","F","F","F"
"70428","T","T","T","F","F","23.6085","CARD","F","NO","21600","42","F","F","T","T","F","F"
"70481","T","F","T","T","F","31.7001","CHEQUE","M","YES","29800","30","F","F","F","T","F","F"
"70664","F","F","F","F","F","36.8276","CASH","M","NO","22600","47","F","F","F","F","F","F"
"70858","F","F","F","T","T","20.9462","CASH","M","YES","17600","46","T","T","F","T","F","F"
"70998","F","F","F","T","F","36.509","CARD","M","YES","27300","43","F","F","T","F","T","T"
"71078","F","F","F","F","F","10.8529","CARD","M","YES","23800","31","F","F","F","F","F","F"
"71140","T","F","F","F","F","22.0941","CARD","M","YES","25800","42","F","F","F","F","F","F"
"71254","F","F","F","F","F","17.1837","CHEQUE","F","YES","29400","45","F","T","F","F","F","T"
"71276","T","F","F","F","F","36.3388","CARD","F","NO","10300","45","F","F","F","T","F","T"
"71343","T","F","F","F","F","48.2751","CASH","M","YES","13700","38","F","F","F","T","F","T"
"71462","F","T","F","F","T","40.9979","CARD","F","YES","26300","42","F","T","F","F","F","F"
"71600","T","T","F","T","F","47.3234","CHEQUE","M","NO","12400","33","T","F","F","T","T","T"
"71604","T","F","F","T","F","18.1721","CARD","M","YES","25600","49","F","F","T","F","F","F"
"71607","F","F","F","T","T","23.4978","CASH","F","NO","25300","23","T","F","T","F","F","F"
"71652","T","F","F","F","F","34.0689","CARD","M","YES","13300","29","F","F","T","T","F","T"
"71690","T","F","T","T","F","13.6361","CASH","F","NO","29300","18","T","F","F","F","F","F"
"71832","F","F","F","T","F","35.8777","CARD","F","NO","13300","43","F","F","F","F","T","F"
"71887","T","T","F","T","T","30.067","CASH","M","NO","14700","46","F","T","F","T","F","T"
"72200","F","F","F","T","F","12.4526","CASH","F","NO","14400","48","T","F","T","F","F","F"
"72248","F","F","F","F","F","10.8367","CASH","M","YES","17400","28","F","F","F","F","F","F"
"72298","T","F","F","F","F","41.0628","CASH","M","YES","17600","25","F","F","F","F","F","F"
"72299","T","F","T","T","F","24.0273","CHEQUE","F","YES","25800","24","T","F","F","F","F","F"
"72454","T","T","F","F","T","44.1263","CASH","F","YES","25900","27","F","F","F","F","F","F"
"72849","T","F","F","F","F","20.7743","CARD","M","NO","19100","47","T","F","F","F","T","F"
"72900","F","F","F","T","F","14.4639","CARD","M","NO","18700","17","T","F","T","F","F","F"
"72901","T","F","F","F","F","23.9797","CHEQUE","F","NO","13200","39","F","F","F","F","F","F"
"72902","F","T","T","F","T","46.5449","CASH","F","YES","25300","16","F","F","T","F","F","F"
"72979","F","F","T","F","T","21.3607","CHEQUE","M","YES","23200","18","F","F","F","F","F","T"
"72986","T","F","F","F","F","25.9767","CARD","F","YES","22200","36","F","F","F","F","F","F"
"73004","F","T","F","F","F","13.0578","CHEQUE","M","YES","23800","18","F","F","F","F","F","F"
"73259","F","F","F","F","F","16.8793","CARD","F","NO","24700","42","T","F","F","F","T","F"
"73383","F","F","F","F","F","13.9755","CARD","M","NO","18000","31","F","F","F","F","T","F"
"73441","F","F","F","T","F","21.3574","CARD","F","NO","12800","20","T","F","F","F","T","F"
"73480","T","F","F","F","T","13.9759","CHEQUE","M","NO","13500","41","F","F","F","T","F","T"
"73594","F","F","F","F","F","13.0883","CHEQUE","F","NO","12100","41","F","F","T","F","F","F"
"73630","F","T","F","F","F","10.4506","CARD","F","NO","19800","25","F","F","F","T","T","F"
"73651","F","F","F","F","F","14.1309","CASH","M","YES","11700","22","T","T","F","F","F","F"
"73708","F","T","T","T","T","43.3068","CHEQUE","F","NO","21900","36","T","F","F","T","F","F"
"74314","F","F","F","F","F","38.7031","CARD","F","NO","17500","31","T","F","F","F","T","T"
"74423","T","F","F","F","F","22.3177","CASH","F","YES","20000","18","F","F","F","F","F","F"
"74463","F","F","T","F","F","16.7073","CARD","F","YES","25400","36","F","F","F","T","F","T"
"74710","F","F","F","F","F","16.3704","CARD","F","YES","27300","30","F","F","F","F","F","F"
"74876","T","F","F","F","T","18.2937","CASH","M","YES","17100","45","F","F","T","F","F","F"
"75118","F","F","F","F","F","31.7774","CHEQUE","F","YES","22200","49","F","F","F","F","T","F"
"75130","T","F","F","F","F","39.1493","CHEQUE","F","YES","10500","33","T","F","F","F","F","F"
"75274","F","F","T","T","F","32.2881","CARD","M","NO","20400","23","T","F","F","T","F","F"
"75663","F","F","F","F","F","20.8372","CARD","F","YES","23400","29","F","T","F","F","T","F"
"75792","F","T","F","F","F","31.2017","CASH","M","NO","27000","50","F","F","F","F","F","F"
"75815","F","T","F","F","T","19.1927","CARD","F","YES","19200","40","F","F","F","F","F","T"
"75971","F","F","F","F","F","16.0295","CARD","M","YES","19800","44","T","F","T","F","F","F"
"76095","T","F","F","F","F","28.0024","CHEQUE","M","YES","11000","46","F","F","F","T","F","T"
"76145","F","F","F","F","F","27.5548","CARD","F","NO","29800","27","F","T","F","F","T","F"
"76264","F","F","F","T","F","15.99","CHEQUE","M","NO","29700","16","T","T","F","F","F","F"
"76567","F","F","F","T","F","42.248","CARD","M","YES","23100","31","T","F","F","T","F","F"
"76777","F","T","F","F","T","43.748","CARD","F","NO","26900","28","F","F","F","F","F","F"
"76944","T","T","F","F","T","47.6155","CASH","F","YES","23900","34","F","F","F","F","F","F"
"77218","T","T","F","T","F","38.2717","CARD","M","NO","16500","34","T","F","F","T","F","T"
"77232","F","F","F","T","F","28.7941","CHEQUE","M","NO","19600","22","T","F","T","F","F","F"
"77335","F","T","T","F","T","47.8128","CASH","F","NO","29800","40","F","F","F","F","F","F"
"77419","T","F","F","F","T","29.7398","CARD","M","YES","16700","36","F","F","F","T","F","T"
"78030","F","T","F","F","T","34.6469","CARD","F","NO","22100","38","F","F","F","F","T","F"
"78113","F","T","F","F","F","14.3918","CASH","F","YES","23800","22","T","F","F","T","F","F"
"78139","F","F","F","F","F","48.5578","CASH","M","NO","25200","29","T","F","F","T","T","F"
"78302","F","F","F","F","F","32.6841","CARD","M","YES","20500","33","T","F","F","T","F","F"
"78357","F","F","F","F","F","28.8482","CARD","F","NO","28600","40","F","F","T","F","F","T"
"78363","T","T","F","F","F","49.4132","CARD","M","YES","10600","18","T","F","F","T","F","T"
"78428","F","F","T","F","F","12.3794","CARD","F","YES","13900","38","F","F","F","F","F","T"
"78598","F","T","F","F","T","48.6573","CASH","M","NO","28100","30","F","F","F","F","F","F"
"78626","F","F","F","F","F","33.0971","CASH","M","NO","23700","47","F","T","F","F","F","T"
"78639","F","F","F","T","F","32.0691","CASH","M","NO","27900","48","F","F","F","F","F","F"
"78967","T","F","F","F","F","36.166","CHEQUE","M","YES","14500","25","F","F","F","T","F","T"
"79001","F","T","F","T","T","38.5516","CARD","F","YES","20600","24","F","F","F","F","F","F"
"79039","F","F","F","F","F","12.4456","CARD","M","NO","25400","46","F","F","T","F","F","F"
"79303","F","F","F","T","F","39.6497","CASH","M","NO","17000","19","T","F","T","F","F","F"
"79305","F","T","F","F","F","18.6381","CHEQUE","F","NO","22200","31","F","F","F","F","T","F"
"79384","F","F","F","T","F","22.4563","CARD","F","NO","12600","45","F","F","F","F","F","F"
"79446","F","F","F","F","F","18.2451","CASH","M","YES","17000","17","F","F","F","F","F","F"
"79535","F","F","F","F","F","37.048","CARD","F","NO","18400","50","F","F","F","F","T","F"
"79577","F","T","F","F","F","41.2514","CARD","F","YES","22600","38","F","T","F","F","F","F"
"79632","T","F","F","F","F","12.5362","CARD","M","NO","13000","43","F","F","F","T","F","T"
"79875","F","F","F","F","F","10.0844","CHEQUE","F","NO","19800","39","F","T","F","F","F","F"
"79890","F","F","F","T","F","37.4335","CHEQUE","F","NO","18100","50","F","F","T","F","F","F"
"80137","F","F","F","F","F","12.847","CASH","F","NO","22200","33","F","F","F","F","F","F"
"80198","T","T","F","F","T","34.267","CARD","F","NO","28300","47","F","F","F","F","F","F"
"80297","F","F","F","T","F","37.2746","CHEQUE","F","NO","19500","21","T","F","F","F","F","F"
"80306","T","T","F","F","F","31.9965","CASH","F","NO","15200","27","F","F","T","F","T","T"
"80438","F","T","F","F","T","15.8347","CARD","M","NO","19600","38","F","F","F","F","F","F"
"80578","T","F","F","F","T","30.6867","CARD","F","YES","10800","40","F","F","F","F","F","F"
"80617","F","F","T","T","F","10.2011","CHEQUE","F","YES","28000","43","F","F","F","F","F","F"
"80728","F","F","F","F","T","21.2648","CASH","F","YES","11700","28","F","T","F","T","T","T"
"80869","F","T","F","F","F","10.0454","CARD","F","YES","29400","29","F","F","F","F","T","F"
"80954","T","F","F","F","F","13.9726","CASH","M","NO","14800","45","F","F","T","T","F","T"
"81034","T","F","F","F","F","20.9511","CHEQUE","M","YES","12800","28","F","T","F","T","T","T"
"81487","T","F","F","F","F","20.0766","CHEQUE","M","NO","18500","25","F","F","T","F","F","T"
"81616","F","F","F","F","T","43.8689","CARD","F","YES","12700","21","T","F","F","T","T","F"
"81690","F","T","F","F","T","37.3617","CARD","F","NO","23900","36","F","F","F","F","F","F"
"81745","F","F","T","F","F","15.9576","CARD","F","YES","12400","49","F","F","T","F","F","F"
"81825","F","F","F","T","F","25.0713","CARD","F","NO","12300","21","T","F","T","F","F","F"
"81836","F","F","T","T","F","32.9521","CHEQUE","M","NO","11800","48","F","F","F","F","F","T"
"81851","F","F","F","T","T","13.9837","CARD","F","NO","17600","19","T","F","T","F","F","F"
"81971","F","F","F","T","F","19.3672","CASH","M","NO","28200","17","T","F","T","T","F","F"
"82096","T","F","F","T","T","44.5391","CASH","M","NO","10500","23","T","F","F","T","F","T"
"82173","T","F","F","T","F","15.7511","CASH","F","NO","27800","22","T","F","F","F","T","F"
"82419","T","F","F","F","F","19.7255","CHEQUE","F","YES","26200","31","F","T","F","T","F","F"
"82558","T","T","T","F","F","10.1074","CARD","F","YES","27500","22","F","T","F","F","F","F"
"82753","F","T","F","F","T","37.5762","CHEQUE","F","YES","23200","42","T","T","T","F","F","F"
"82796","F","F","F","F","F","18.5934","CARD","F","YES","17800","17","F","F","F","F","T","F"
"82801","F","T","F","F","F","42.5439","CARD","M","NO","20100","28","F","F","F","T","F","T"
"82901","F","T","F","F","T","39.8343","CASH","F","NO","22600","33","F","F","F","F","F","F"
"83003","F","F","T","F","F","49.2498","CHEQUE","F","YES","17100","47","F","F","F","F","F","F"
"83071","T","F","F","F","T","29.8536","CASH","M","YES","18100","31","F","F","F","F","F","F"
"83102","T","F","F","T","F","48.0077","CASH","M","YES","14600","47","F","F","F","T","F","T"
"83127","F","F","F","T","F","41.2905","CHEQUE","M","NO","21100","21","T","F","F","F","F","F"
"83338","F","F","F","F","F","26.2061","CASH","M","NO","18500","41","F","F","F","F","T","F"
"83340","T","T","T","F","F","27.1358","CASH","F","YES","12500","44","F","F","F","F","F","F"
"83439","F","T","F","T","T","33.4975","CARD","F","YES","24300","43","F","F","F","F","T","F"
"83500","F","F","F","T","T","49.2505","CARD","M","YES","28300","21","F","F","F","T","T","F"
"83523","F","F","F","F","F","45.8037","CASH","M","NO","17400","40","F","F","F","F","F","F"
"83536","T","F","T","T","F","31.9368","CASH","F","NO","11600","22","F","F","F","F","F","F"
"83650","F","F","F","T","F","33.5584","CASH","F","YES","27000","22","F","F","F","F","F","F"
"83883","F","T","F","F","T","23.034","CARD","F","YES","17800","47","F","F","F","F","F","F"
"84033","F","T","F","F","F","43.42","CASH","F","YES","16600","31","F","T","F","T","F","F"
"84042","T","F","F","F","F","18.1849","CASH","M","NO","14200","27","F","T","F","T","T","T"
"84092","F","T","T","T","T","34.8497","CARD","F","NO","22000","48","T","F","T","F","F","T"
"84148","T","T","F","T","T","49.1791","CHEQUE","F","NO","20900","22","T","F","F","F","F","F"
"84180","T","F","F","F","F","10.4233","CHEQUE","M","YES","12800","47","F","F","F","T","F","T"
"84497","F","T","F","F","T","38.2919","CARD","F","YES","23000","31","F","F","F","F","T","F"
"84605","F","F","F","F","F","17.8494","CHEQUE","F","YES","17300","48","T","F","F","F","F","F"
"84756","F","F","F","T","T","29.1981","CARD","M","YES","28300","32","F","F","F","F","F","F"
"84799","F","F","F","F","F","31.3192","CARD","M","YES","17600","21","F","T","F","F","T","F"
"84902","F","F","F","F","F","44.9991","CARD","M","YES","29600","50","F","F","F","F","F","T"
"84903","F","F","T","T","F","32.8053","CARD","F","NO","29600","17","T","F","F","F","F","T"
"84937","T","F","F","F","F","24.8076","CHEQUE","F","NO","25500","43","T","F","F","F","F","F"
"85081","T","T","F","F","T","38.2586","CARD","F","YES","20900","29","T","F","F","F","F","F"
"85182","F","F","T","T","F","11.92","CARD","M","NO","27600","22","T","T","F","F","F","F"
"85259","T","F","F","F","F","40.9303","CARD","F","YES","11000","22","T","F","F","F","F","T"
"85348","F","F","F","F","F","40.2677","CHEQUE","F","YES","12400","24","F","F","F","F","T","F"
"85472","F","F","F","T","T","14.5031","CARD","F","YES","20800","48","F","F","T","F","F","F"
"85475","F","T","F","F","F","37.0037","CARD","M","YES","24500","47","T","F","F","F","F","F"
"85585","F","T","T","F","T","36.426","CARD","F","YES","26300","46","F","F","F","F","F","F"
"85699","F","F","F","T","F","18.1688","CASH","F","YES","27000","29","F","F","F","F","F","F"
"85771","F","T","F","F","T","10.0455","CARD","F","NO","15700","36","F","F","F","F","T","F"
"85860","F","F","F","F","T","30.4116","CASH","F","YES","18400","17","F","T","T","F","T","F"
"86044","T","T","T","F","F","30.5434","CARD","M","NO","13900","30","F","F","F","T","F","T"
"86217","T","F","F","F","F","19.5378","CARD","M","YES","14300","43","F","F","F","T","F","T"
"86331","T","F","F","T","T","45.4521","CARD","M","NO","10300","29","F","F","F","T","F","T"
"86350","F","F","T","F","F","12.184","CARD","F","NO","18200","49","F","F","F","F","F","T"
"86612","F","F","F","F","F","29.7839","CARD","M","YES","24900","27","F","T","F","F","F","F"
"86681","F","F","F","F","F","15.0004","CHEQUE","F","NO","13500","50","F","F","F","F","F","F"
"86759","F","F","F","F","F","48.4566","CARD","F","NO","14800","34","F","F","F","T","F","F"
"86983","F","T","F","T","T","43.3446","CARD","F","NO","20200","17","T","T","F","F","T","F"
"87066","F","F","F","T","F","10.8645","CARD","M","YES","25400","23","F","F","T","F","F","F"
"87101","F","F","F","T","T","23.0974","CHEQUE","M","NO","15000","23","T","F","F","F","T","T"
"87151","F","T","F","T","T","44.1181","CHEQUE","F","NO","21400","30","F","F","T","F","T","T"
"87250","F","F","F","F","F","39.0228","CARD","F","YES","11700","43","F","T","F","F","F","F"
"87270","F","T","F","F","F","31.4868","CHEQUE","M","NO","21300","29","F","F","T","T","T","F"
"87450","F","F","F","T","F","48.2053","CARD","F","YES","17900","38","F","F","F","F","F","T"
"87482","F","T","F","F","F","40.101","CARD","F","YES","14200","38","T","F","F","F","T","T"
"87703","F","F","F","T","T","27.7087","CASH","M","NO","27200","20","T","F","F","F","T","F"
"87793","F","T","F","T","T","46.8845","CASH","F","NO","21700","40","F","F","F","F","F","T"
"87953","F","F","F","T","F","16.2099","CARD","M","YES","22500","22","F","F","F","F","T","T"
"87975","F","F","F","T","F","27.82","CARD","F","NO","17900","26","F","F","T","F","F","F"
"88019","F","F","F","F","F","47.3606","CHEQUE","M","YES","23300","41","T","F","F","F","F","F"
"88176","F","T","T","F","T","34.5366","CARD","F","YES","28300","31","F","F","T","F","F","T"
"88260","F","F","F","F","F","29.7785","CARD","F","NO","12000","34","F","F","T","T","F","F"
"88359","F","F","F","F","T","23.0214","CARD","F","YES","19100","21","T","T","F","F","F","F"
"88549","F","F","T","T","F","37.5927","CARD","M","NO","22600","20","T","F","F","F","F","T"
"88596","F","T","T","F","T","34.1082","CASH","F","NO","28400","38","F","F","T","F","F","F"
"88812","T","F","F","F","F","28.8761","CARD","F","NO","10500","34","F","F","F","F","F","F"
"88886","F","F","F","F","F","18.932","CARD","M","YES","15300","25","F","F","F","T","F","F"
"88972","F","T","F","T","F","31.8546","CASH","M","NO","19200","22","T","F","F","F","F","F"
"89041","T","F","F","F","F","25.085","CHEQUE","M","NO","15900","25","F","F","F","T","F","T"
"89106","F","T","F","F","T","46.662","CHEQUE","F","YES","28900","32","F","T","F","F","T","F"
"89209","F","T","F","F","F","24.1621","CHEQUE","M","YES","25400","19","F","F","F","F","F","F"
"89233","F","F","F","F","F","37.6838","CARD","F","YES","28400","17","F","T","F","F","F","F"
"89250","F","T","F","F","T","43.6042","CASH","F","NO","27900","29","F","T","F","F","T","F"
"89302","F","F","F","T","F","20.4889","CARD","F","YES","12000","39","F","F","F","F","F","F"
"89406","T","F","F","F","F","13.2185","CASH","F","YES","16500","37","T","F","F","F","F","F"
"89425","T","F","F","T","F","28.8615","CHEQUE","M","NO","20300","17","T","F","F","T","F","F"
"89460","T","F","F","F","T","33.4191","CASH","M","YES","15300","16","T","F","F","T","F","T"
"89484","T","F","F","F","F","40.6552","CARD","M","NO","28600","47","F","F","F","T","F","F"
"89485","F","F","F","F","F","18.3222","CASH","M","YES","25300","28","F","F","F","F","T","T"
"89559","F","F","F","T","F","24.3813","CHEQUE","F","NO","15400","16","T","T","F","F","T","F"
"89649","F","F","F","T","T","26.9621","CHEQUE","F","NO","28200","24","T","F","F","F","F","F"
"89872","T","F","F","F","F","15.6822","CARD","F","YES","19100","40","F","F","F","F","F","F"
"89958","F","F","F","T","T","34.4239","CASH","F","YES","19400","27","F","F","T","F","T","T"
"90147","F","F","F","F","F","18.8338","CASH","M","YES","27800","30","F","F","T","F","F","F"
"90165","F","F","F","F","F","10.855","CHEQUE","F","YES","10700","24","F","F","F","T","F","F"
"90264","F","F","F","T","F","10.4971","CARD","M","NO","24300","18","T","F","F","F","F","F"
"90360","T","F","F","F","F","15.1372","CASH","F","NO","16000","47","F","F","F","F","T","T"
"90462","T","T","F","F","F","10.0726","CASH","M","NO","10300","36","F","T","F","T","F","T"
"90562","F","F","F","T","F","29.0087","CASH","M","YES","24300","24","F","F","F","T","T","F"
"90730","T","F","T","F","F","29.5005","CASH","M","NO","14600","36","F","F","F","T","F","T"
"90861","F","F","F","F","T","38.2559","CASH","F","YES","18600","29","T","T","F","F","F","F"
"90911","F","F","F","F","F","30.5207","CASH","F","NO","17100","16","T","T","F","F","F","T"
"90933","F","F","F","F","F","26.2117","CARD","M","YES","29900","31","F","F","F","F","F","F"
"91019","F","T","F","F","F","48.4029","CARD","M","YES","24100","29","F","F","F","F","F","F"
"91055","F","F","T","F","F","24.7818","CARD","F","YES","15200","23","F","F","T","F","F","F"
"91074","F","F","F","F","F","46.5642","CARD","F","NO","11600","19","F","F","F","T","F","T"
"91117","F","F","F","T","F","33.6103","CARD","M","NO","17800","21","T","F","F","F","F","F"
"91545","F","F","F","F","F","12.3519","CARD","M","YES","22800","45","F","F","T","F","F","F"
"91609","F","F","F","F","F","18.8133","CARD","M","YES","11000","24","F","F","F","F","F","F"
"91913","T","F","T","F","F","42.8928","CASH","M","NO","13200","45","F","F","F","F","F","F"
"91928","F","T","T","T","T","12.3639","CARD","F","NO","14300","19","T","F","F","F","T","F"
"91972","F","T","F","T","T","49.1579","CARD","F","NO","26700","18","T","F","F","F","F","T"
"91986","F","F","F","F","F","35.1619","CASH","F","YES","19800","26","F","T","F","T","F","F"
"92125","F","F","F","F","F","15.7945","CARD","F","NO","22800","17","F","F","F","T","F","F"
"92209","F","F","F","F","F","30.904","CHEQUE","F","YES","22700","17","F","T","T","F","T","F"
"92227","F","T","F","F","T","42.5332","CASH","F","NO","22600","29","T","F","F","T","F","F"
"92675","F","F","F","F","F","44.5153","CHEQUE","F","NO","18100","47","F","T","F","F","F","F"
"92868","F","T","F","F","F","48.3546","CHEQUE","M","NO","25000","40","F","F","F","T","F","T"
"92883","F","F","F","F","F","18.8207","CARD","F","NO","24500","27","T","F","F","F","F","F"
"93037","F","T","F","T","F","19.1763","CASH","F","NO","29500","41","F","F","F","T","F","F"
"93162","F","F","T","T","T","46.8411","CARD","M","NO","20500","25","F","F","F","F","F","F"
"93304","F","F","F","F","T","42.4567","CARD","M","NO","28200","34","F","F","F","F","F","T"
"93353","F","T","F","F","T","36.8045","CARD","F","NO","22500","40","F","F","T","T","T","F"
"93393","T","F","F","F","F","35.4566","CASH","M","NO","27100","37","T","T","F","F","F","F"
"93401","F","T","F","T","T","45.7963","CARD","F","YES","29700","25","F","F","F","F","F","F"
"93467","F","F","F","F","F","11.6818","CARD","F","NO","25200","27","F","F","F","F","F","F"
"93469","F","F","T","T","F","32.7656","CHEQUE","M","NO","24800","16","T","F","T","T","T","T"
"93527","T","T","F","F","F","33.361","CASH","M","YES","29700","38","F","F","F","F","F","F"
"93669","F","T","F","F","T","27.7032","CHEQUE","F","NO","21600","37","F","F","F","T","F","F"
"93891","F","F","F","T","F","36.5954","CARD","F","NO","13900","20","T","F","F","F","F","F"
"93920","T","T","F","F","F","22.5392","CARD","M","YES","16100","18","F","T","F","T","F","T"
"93963","F","F","F","F","F","49.1922","CARD","M","YES","25100","21","F","T","F","F","F","F"
"93974","F","F","T","F","F","46.5105","CASH","M","NO","13200","33","F","T","F","T","F","F"
"94004","T","F","F","F","F","43.8679","CARD","M","NO","28000","37","F","F","F","F","T","T"
"94015","F","T","F","T","T","48.1999","CHEQUE","F","NO","20500","24","T","F","F","F","F","F"
"94105","F","F","T","F","F","10.3719","CARD","M","YES","24100","44","F","T","F","F","F","F"
"94108","F","T","T","F","F","21.3634","CASH","M","NO","18500","42","F","F","T","F","F","F"
"94231","F","F","F","F","T","27.2609","CASH","M","YES","11600","28","F","F","F","F","T","T"
"94341","T","T","F","F","F","22.4622","CARD","M","NO","16300","17","F","F","F","T","F","T"
"94467","T","F","T","T","F","18.9589","CASH","M","YES","16600","49","F","F","F","T","F","T"
"94531","F","F","F","F","F","32.7653","CASH","M","YES","27800","41","F","T","F","F","T","T"
"94685","F","F","F","F","F","31.7561","CARD","M","YES","25600","29","F","T","T","F","F","F"
"94754","F","T","T","T","T","45.0857","CASH","F","NO","29700","41","F","F","F","T","T","F"
"94790","F","F","F","T","F","39.7012","CARD","M","NO","19800","31","F","F","F","F","T","F"
"94864","F","T","F","F","F","43.4745","CHEQUE","F","NO","14200","47","F","F","F","F","F","F"
"95026","F","F","F","T","T","13.4226","CASH","F","YES","13400","29","F","F","T","F","F","F"
"95141","F","T","F","F","T","45.3427","CARD","F","YES","20900","37","T","F","F","F","F","F"
"95354","T","F","T","T","F","35.3973","CHEQUE","M","NO","13300","35","F","T","F","T","T","T"
"95443","F","T","F","F","F","47.9239","CARD","M","YES","29000","42","T","F","F","F","F","F"
"95479","F","T","F","F","T","45.7417","CHEQUE","M","NO","22700","32","F","F","F","T","T","F"
"95488","F","F","F","F","F","11.9753","CARD","F","NO","18100","26","T","F","T","F","F","F"
"95604","T","T","F","T","F","23.5058","CHEQUE","M","NO","11600","44","F","F","F","T","T","T"
"95655","F","F","T","T","F","25.5805","CASH","F","NO","13500","42","F","F","F","T","F","T"
"95887","T","F","T","F","F","43.1964","CASH","M","NO","12500","27","F","F","F","T","T","T"
"95896","F","T","F","F","F","37.2821","CARD","M","YES","29100","21","F","F","F","F","F","F"
"95915","T","F","F","F","F","17.3132","CASH","M","NO","11800","35","F","F","F","T","T","T"
"95921","F","T","F","F","T","34.8576","CASH","F","YES","23300","43","T","F","F","F","F","F"
"96076","F","F","F","T","T","24.4413","CASH","F","YES","22900","36","F","F","F","T","F","F"
"96078","T","F","F","F","T","10.4612","CASH","M","NO","16500","37","T","F","F","T","F","T"
"96173","F","F","T","F","F","26.3483","CARD","F","NO","13800","31","F","F","F","F","F","F"
"96289","T","F","F","F","F","16.1359","CARD","M","NO","13900","47","T","F","F","T","F","T"
"96333","F","F","F","F","F","27.5586","CARD","M","NO","29600","26","F","F","F","T","F","F"
"96371","F","F","F","F","F","40.2238","CASH","M","YES","21100","37","F","F","T","F","F","F"
"96474","F","F","F","F","F","44.5139","CHEQUE","F","YES","24900","40","F","F","F","F","F","F"
"96512","T","T","F","F","T","37.8721","CARD","F","NO","20500","43","T","F","F","F","F","F"
"96561","F","F","F","F","F","30.3759","CARD","M","NO","17000","29","F","F","F","F","F","F"
"96584","F","F","T","F","F","17.3355","CASH","M","YES","26600","39","T","F","F","F","F","F"
"96694","T","T","F","T","F","28.2755","CARD","M","NO","16300","28","F","F","F","T","T","T"
"96881","T","T","F","F","F","14.6112","CARD","M","YES","11900","39","F","F","F","T","T","T"
"96982","T","F","F","F","F","15.4964","CARD","M","YES","15300","49","T","F","F","T","F","T"
"97148","T","T","T","F","T","49.3472","CARD","F","NO","23500","34","F","F","F","T","F","F"
"97267","F","F","F","T","T","33.0618","CHEQUE","F","YES","10200","19","F","F","F","F","F","F"
"97287","T","T","F","T","F","35.3706","CHEQUE","M","NO","13800","49","F","F","F","T","F","T"
"97328","F","F","F","F","F","24.0255","CASH","F","YES","14300","24","F","F","T","T","F","F"
"97377","T","F","F","F","F","28.263","CARD","F","NO","12700","24","F","F","F","F","F","F"
"97512","F","F","T","F","F","17.4561","CHEQUE","F","NO","12800","32","F","T","F","F","F","F"
"97761","F","T","F","T","T","32.3184","CARD","F","YES","25800","38","T","F","F","T","F","F"
"97967","F","F","T","T","F","11.5144","CASH","F","NO","27600","48","F","F","F","F","F","F"
"98023","F","F","F","T","F","26.3646","CARD","F","YES","20200","20","F","F","F","F","F","T"
"98181","F","F","T","F","T","16.351","CASH","F","YES","21900","24","F","F","T","F","F","F"
"98204","T","F","F","F","F","18.4421","CHEQUE","M","YES","12700","18","F","F","T","T","F","T"
"98352","F","F","F","T","F","46.0629","CARD","F","NO","13300","36","F","F","F","F","T","T"
"98383","F","F","F","F","T","33.8642","CASH","M","NO","24500","32","F","F","F","T","T","T"
"98409","F","T","F","F","T","32.6006","CASH","F","NO","24900","35","F","F","F","F","F","F"
"98626","F","F","F","T","T","27.505","CHEQUE","F","YES","24800","42","F","F","T","T","F","F"
"98635","F","T","F","F","T","33.9481","CASH","F","YES","26700","22","F","T","F","F","F","F"
"98696","F","T","F","F","T","31.1958","CASH","M","YES","13800","39","F","F","F","F","F","F"
"98809","T","T","F","T","T","45.5905","CARD","F","NO","20700","19","T","F","F","F","F","T"
"98836","F","T","F","T","T","38.6026","CASH","F","YES","24900","29","F","F","F","T","F","F"
"99025","F","F","F","F","F","29.0798","CARD","M","YES","27400","42","F","T","F","F","F","F"
"99046","T","F","T","F","F","23.6457","CASH","M","NO","29200","49","F","F","F","F","F","F"
"99164","F","F","T","F","T","30.6965","CASH","M","NO","21600","26","F","F","T","F","F","F"
"99292","F","F","T","T","F","39.899","CARD","F","NO","19800","23","T","T","F","F","F","F"
"99347","F","T","F","F","T","34.6651","CARD","F","YES","23100","44","F","T","T","T","F","F"
"99387","F","F","F","F","T","10.6184","CASH","F","NO","16500","49","F","T","F","F","T","F"
"99410","F","F","F","F","F","41.1357","CASH","F","NO","13000","40","F","F","T","F","F","F"
"99457","F","F","F","T","F","38.2007","CARD","F","NO","11700","16","T","T","F","T","F","F"
"99575","F","F","F","T","F","19.2134","CARD","M","YES","28100","38","F","F","F","F","F","T"
"99578","F","F","T","F","T","15.7681","CARD","M","NO","24300","27","F","F","F","F","T","F"
"99624","F","T","T","F","F","20.9334","CHEQUE","F","NO","24400","36","T","F","F","F","F","F"
"99849","F","F","F","F","F","37.0252","CASH","F","YES","11400","17","T","F","T","F","F","F"
"100047","F","F","F","T","F","24.1955","CHEQUE","F","NO","27000","23","T","F","F","T","F","F"
"100255","F","T","F","F","F","22.6799","CHEQUE","M","NO","23100","30","F","F","F","F","F","F"
"100256","T","T","F","F","F","11.9099","CHEQUE","M","NO","12800","33","F","F","F","T","F","T"
"100328","T","F","F","T","F","30.4099","CHEQUE","M","YES","10700","36","F","T","F","T","F","T"
"100393","F","F","F","T","T","28.7753","CASH","M","NO","27200","22","T","F","F","T","F","F"
"100553","F","T","T","F","F","24.1456","CARD","M","NO","21500","34","T","F","F","T","F","F"
"100754","F","F","F","T","F","11.3294","CHEQUE","F","NO","17100","16","T","F","F","T","F","T"
"100918","T","F","F","F","F","18.49","CASH","M","YES","13900","27","F","F","F","T","T","T"
"101031","T","F","F","F","F","47.5206","CARD","M","YES","15100","16","F","F","F","T","F","T"
"101100","T","T","F","F","F","18.9591","CARD","M","YES","16600","42","F","F","F","T","F","T"
"101414","F","T","F","F","F","26.828","CARD","F","NO","19000","38","F","F","F","F","F","F"
"101544","F","F","F","F","F","38.5665","CARD","M","NO","25100","47","T","F","F","F","T","T"
"101699","F","F","F","F","F","15.1186","CARD","M","YES","27800","35","F","F","T","F","T","T"
"101722","F","F","F","T","F","15.7228","CHEQUE","M","NO","29400","31","F","T","F","F","F","T"
"101784","F","F","F","F","F","33.0381","CASH","M","NO","20200","39","F","F","F","T","T","F"
"102206","F","F","F","F","F","27.6682","CARD","F","NO","21700","41","T","F","F","T","F","F"
"102215","T","F","F","F","F","13.1647","CASH","M","YES","14400","47","F","F","F","T","F","T"
"102348","F","F","F","F","F","14.9206","CARD","M","YES","24300","36","F","F","F","F","F","F"
"102421","F","F","T","T","F","19.2276","CASH","M","YES","14700","25","F","F","F","F","T","F"
"102467","T","T","F","F","F","13.7623","CARD","F","YES","26700","48","F","F","F","T","T","F"
"102645","F","F","F","F","F","13.4218","CARD","F","YES","17200","23","F","F","F","T","T","F"
"102703","F","F","T","F","F","40.0432","CARD","M","YES","30000","32","T","T","F","F","T","F"
"102733","F","F","F","T","T","28.5154","CASH","F","NO","17200","24","T","F","F","F","F","F"
"102887","F","F","F","F","F","33.3158","CHEQUE","M","NO","20300","46","T","F","F","F","F","T"
"102934","F","T","F","F","T","37.7352","CHEQUE","F","NO","29400","45","T","F","F","F","F","F"
"103087","T","T","F","F","F","38.578","CASH","M","YES","15500","35","F","T","F","T","F","T"
"103139","F","T","F","F","F","18.7964","CASH","F","YES","24400","20","F","T","F","T","F","F"
"103147","F","F","F","F","F","43.8622","CARD","M","YES","18100","28","F","F","F","T","F","F"
"103166","F","T","F","F","F","25.5922","CASH","F","NO","25900","33","F","T","T","F","F","F"
"103168","T","T","T","F","T","12.2678","CARD","F","YES","15900","22","T","F","F","T","F","F"
"103316","F","F","F","F","T","29.3125","CASH","M","YES","17900","46","F","T","F","F","F","F"
"103325","F","F","F","F","F","46.2279","CARD","F","NO","17100","49","F","F","F","F","F","T"
"103385","T","F","F","T","F","22.8296","CASH","M","NO","12500","16","T","T","F","T","F","T"
"103446","F","F","F","F","F","25.3568","CARD","M","YES","17100","23","F","F","T","F","T","F"
"103462","T","T","F","F","T","40.3384","CASH","F","YES","24500","26","T","F","F","F","F","F"
"103473","F","F","F","F","F","25.0338","CHEQUE","F","YES","12100","26","F","F","F","F","T","T"
"103485","T","F","F","F","F","23.6343","CASH","M","YES","25200","20","F","F","F","F","F","F"
"103546","F","F","F","F","F","45.5893","CARD","M","NO","28500","44","F","F","F","F","F","F"
"103596","F","F","T","F","F","27.4252","CARD","F","NO","12300","26","F","F","F","F","T","F"
"103708","F","T","F","T","F","26.061","CASH","F","YES","28000","29","F","F","F","F","F","F"
"103749","F","F","F","T","F","34.7506","CARD","F","YES","21000","21","F","F","T","F","F","F"
"104011","F","T","T","F","F","19.5891","CARD","F","NO","19100","42","F","F","F","F","F","F"
"104111","F","F","F","T","T","27.4529","CARD","F","YES","12300","20","F","F","T","F","F","F"
"104165","F","T","F","F","F","32.2963","CARD","M","NO","25400","43","F","F","F","F","F","F"
"104327","F","T","F","F","F","26.223","CHEQUE","F","NO","28000","45","F","F","F","T","F","F"
"104554","T","F","F","T","F","19.0629","CASH","M","NO","10900","21","T","F","F","T","F","T"
"104630","F","T","F","F","T","49.6887","CARD","F","YES","23800","19","T","F","F","F","F","F"
"104722","T","F","F","F","F","33.6677","CARD","M","YES","16700","38","F","F","F","T","F","T"
"104800","T","F","F","F","F","13.2577","CARD","M","NO","26800","29","F","F","F","F","F","F"
"104830","F","F","F","T","F","21.4266","CASH","F","NO","13400","28","F","T","F","F","F","F"
"104903","F","T","F","F","T","34.4437","CASH","F","NO","28200","30","T","F","F","F","F","F"
"104971","F","T","T","F","T","35.7501","CHEQUE","F","YES","24900","24","F","F","F","F","F","F"
"104988","F","F","F","F","F","24.3263","CASH","M","NO","24800","39","F","F","F","F","T","F"
"105007","F","T","F","F","T","44.6825","CARD","F","NO","28300","45","F","F","T","F","F","F"
"105095","F","F","T","F","F","48.0785","CASH","F","YES","18000","50","F","T","F","F","F","F"
"105188","F","F","T","F","F","44.3619","CASH","M","YES","26400","39","F","F","F","F","F","F"
"105225","F","F","F","F","T","28.5341","CASH","M","NO","21600","35","T","F","T","F","F","F"
"105412","T","F","F","F","F","18.3099","CASH","M","NO","18500","29","F","F","F","F","F","F"
"105429","F","F","F","F","F","15.294","CASH","M","NO","23300","43","T","T","F","F","F","T"
"105601","T","F","F","F","F","40.7653","CARD","M","YES","16100","42","F","F","F","T","T","T"
"105816","F","F","F","F","F","22.6473","CARD","F","NO","13900","37","T","F","T","T","F","F"
"105829","F","F","F","F","F","27.0835","CHEQUE","F","YES","10900","23","F","T","F","F","F","T"
"106004","F","T","T","F","F","31.9126","CASH","M","YES","26200","27","F","F","F","F","F","F"
"106044","T","T","F","T","F","36.1337","CARD","M","NO","14500","29","T","F","F","T","F","T"
"106122","F","T","F","F","F","32.3362","CASH","M","YES","23700","22","F","F","T","F","F","F"
"106288","F","F","F","F","T","10.0926","CHEQUE","F","YES","12300","23","F","F","F","T","F","F"
"106290","F","F","F","F","F","33.0487","CHEQUE","M","YES","17000","35","F","F","T","F","F","F"
"106314","F","F","F","F","F","24.1036","CASH","F","NO","10800","37","F","F","F","T","T","F"
"106489","F","F","F","F","F","14.0777","CARD","F","YES","16100","41","F","F","F","F","F","F"
"106494","T","T","F","F","F","46.5812","CARD","F","YES","18700","44","T","F","F","F","F","F"
"106499","T","F","F","F","F","26.9588","CASH","M","YES","10700","31","F","F","F","T","F","T"
"106522","T","F","F","F","F","10.007","CHEQUE","M","YES","14500","22","F","F","F","T","F","T"
"106531","F","F","F","T","F","11.6576","CASH","M","NO","24500","19","T","F","F","F","F","T"
"106585","T","F","F","F","F","23.6473","CASH","M","NO","21000","50","F","F","F","T","T","F"
"106649","T","F","F","T","F","25.8123","CARD","F","NO","13700","22","T","F","F","F","F","F"
"106654","F","F","T","F","F","47.9564","CHEQUE","M","YES","19000","44","F","F","F","F","F","T"
"106792","F","F","F","F","F","37.477","CASH","M","NO","18800","45","F","F","F","F","F","F"
"107080","F","F","F","F","F","29.4064","CARD","F","NO","25100","43","F","F","F","T","F","F"
"107314","T","T","F","F","F","42.9349","CASH","M","NO","15900","26","F","F","F","T","F","T"
"107499","F","T","T","F","F","12.3961","CASH","F","YES","24800","28","F","F","F","F","F","F"
"107505","F","F","F","F","T","21.3633","CASH","F","YES","25000","32","F","F","F","F","F","F"
"107714","F","F","T","F","F","22.1969","CARD","F","YES","20200","21","T","T","T","F","T","F"
"107728","T","T","F","F","F","16.9603","CHEQUE","F","NO","26800","49","F","T","F","F","F","T"
"107876","T","T","F","T","F","21.8933","CHEQUE","M","NO","17600","44","F","F","F","F","F","F"
"108003","F","T","F","T","F","12.5105","CARD","F","NO","29400","34","F","F","F","T","F","F"
"108153","F","F","T","F","T","20.5804","CASH","F","NO","23500","32","F","F","F","F","F","F"
"108596","T","F","F","F","F","39.33","CARD","M","NO","27600","44","F","F","F","F","T","F"
"108601","F","T","F","T","F","14.1216","CASH","M","NO","17100","49","F","F","F","F","F","F"
"108718","T","F","F","T","F","15.6206","CASH","M","YES","21600","18","F","F","F","F","F","F"
"108739","F","T","T","F","T","10.9737","CASH","M","NO","20800","29","T","F","F","F","F","F"
"108764","T","T","F","T","F","44.6294","CASH","M","YES","10200","27","F","F","F","T","F","T"
"108832","F","F","F","T","F","27.8603","CHEQUE","F","NO","15200","37","F","F","F","F","F","F"
"108855","F","T","T","T","T","32.8419","CARD","F","YES","22800","30","F","F","F","F","T","F"
"109000","F","T","T","F","F","14.9647","CASH","F","YES","17800","22","F","F","F","T","T","F"
"109048","T","T","F","T","F","42.5797","CARD","M","NO","24700","49","T","F","F","T","F","F"
"109061","F","T","F","F","T","37.3485","CASH","F","NO","27800","50","F","T","F","F","F","F"
"109132","F","F","T","F","F","30.2881","CASH","F","YES","15100","38","F","T","F","F","F","F"
"109224","T","F","F","T","F","20.0952","CHEQUE","M","NO","27500","18","T","F","F","F","F","F"
"109376","F","T","F","F","F","43.1101","CASH","M","YES","16400","21","F","F","F","F","F","F"
"109425","F","T","F","F","F","23.2353","CARD","F","YES","20300","20","F","F","F","F","T","F"
"109504","F","F","F","F","T","32.8441","CARD","M","YES","27400","21","F","T","T","F","F","F"
"109530","T","F","F","F","F","37.4844","CARD","M","NO","21100","30","F","T","F","F","F","F"
"109551","T","T","F","F","F","40.6114","CASH","M","YES","23500","35","F","F","F","F","F","F"
"109583","F","F","F","F","F","41.0085","CARD","M","NO","29200","34","F","F","F","F","F","F"
"109672","T","T","F","F","F","16.5297","CARD","M","YES","15600","20","F","F","F","T","F","T"
"109798","F","F","F","F","F","15.133","CASH","M","YES","17300","33","F","F","F","F","F","T"
"109884","F","F","T","T","T","35.8216","CARD","F","NO","15100","18","T","F","F","F","T","T"
