"id","Comentários","Gênero","Razão","Category_atendentes","Category_banheira","Category_banheiro","Category_bem","Category_café","Category_check-in","Category_complicado","Category_cuidado","Category_decoração","Category_disponível","Category_elevador","Category_estacionamento","Category_funcionário","Category_funcionário/atendimento dos funcionários","Category_hospedagem","Category_hotel","Category_instalações","Category_internet","Category_manutenção","Category_parking","Category_pessoal","Category_qualidade","Category_quarto","Category_recepção","Category_serviço","Category_trabalho"
"1.000000","Atendimento excelente. Qualidade das acomodações. Transporte conveniente para o aeroporto.","mulher","negócio","F","F","F","F","F","F","F","F","F","F","F","F","F","F","F","F","F","F","F","F","F","T","F","F","F","F"
"5.000000","Quarto muito amplo. Os funcionarios forma muitos simpaticos ","mulher","negócio","F","F","F","F","F","F","F","F","F","F","F","F","T","F","F","F","F","F","F","F","F","F","T","F","F","F"
"9.000000","o quarto estava umido e os travesseiros estavam com mau cheiro","mulher","recreação","F","F","F","F","F","F","F","F","F","F","F","F","F","F","F","F","F","F","F","F","F","F","T","F","F","F"
"13.000000","O quarto estava com muito cheiro de mofo....desagradavel","homem","recreação","F","F","F","F","F","F","F","F","F","F","F","F","F","F","F","F","F","F","F","F","F","F","T","F","F","F"
"17.000000","apresentação e localização do hotel.","homem","recreação","F","F","F","F","F","F","F","F","F","F","F","F","F","F","F","T","F","F","F","F","F","F","F","F","F","F"
"21.000000","Funcionarios cordiais","homem","recreação","F","F","F","F","F","F","F","F","F","F","F","F","T","F","F","F","F","F","F","F","F","F","F","F","F","F"
"25.000000","O hotel é muito bom. O único ponto horroroso é a comida, muito ruim e pouca variedade","mulher","negócio","F","F","F","F","F","F","F","F","F","F","F","F","F","F","F","T","F","F","F","F","F","F","F","F","F","F"
"29.000000","O hotel é muito bom. O único ponto horroroso é a comida, muito ruim e pouca variedade","homem","negócio","F","F","F","F","F","F","F","F","F","F","F","F","F","F","F","T","F","F","F","F","F","F","F","F","F","F"
"33.000000","O quarto tinha um cheiro a humidad","mulher","negócio","F","F","F","F","F","F","F","F","F","F","F","F","F","F","F","F","F","F","F","F","F","F","T","F","F","F"
"37.000000","Eficiencia na recepção, boa localização.","homem","recreação","F","F","F","F","F","F","F","F","F","F","F","F","F","F","F","F","F","F","F","F","F","F","F","T","F","F"
"41.000000","Cafe da manha pobre. Estrutura velha. Preços extorsivos.","mulher","negócio","F","F","F","F","T","F","F","F","F","F","F","F","F","F","F","F","F","F","F","F","F","F","F","F","F","F"
"45.000000"," É ANTIGIO , MAL DECORADO E MAL CONSERVADO","homem","negócio","F","F","F","F","F","F","F","F","F","F","F","F","F","F","F","F","F","F","F","F","F","F","F","F","F","F"
"49.000000","Os atendentes  muito gentis e simpáticos","homem","recreação","T","F","F","F","F","F","F","F","F","F","F","F","F","F","F","F","F","F","F","F","F","F","F","F","F","F"
"53.000000","Bom relação custo-benefício; antipatia de alguns funcionários","mulher","recreação","F","F","F","F","F","F","F","F","F","F","F","F","T","F","F","F","F","F","F","F","F","F","F","F","F","F"
"57.000000","No serviço de spa  fomos mal atendido","mulher","recreação","F","F","F","F","F","F","F","F","F","F","F","F","F","F","F","F","F","F","F","F","F","F","F","F","F","F"
"61.000000","Staff extremamente gentil. Hotel silencioso. Club lounge de boa qualidade","mulher","recreação","F","F","F","F","F","F","F","F","F","F","F","F","F","F","F","T","F","F","F","F","T","T","F","F","F","F"
"65.000000","vista muito bonita","homem","negócio","F","F","F","F","F","F","F","F","F","F","F","F","F","F","F","F","F","F","F","F","F","F","F","F","F","F"
"69.000000","O preço cobrado  é abusivo","homem","negócio","F","F","F","F","F","F","F","F","F","F","F","F","F","F","F","F","F","F","F","F","F","F","F","F","F","F"
"73.000000","secador de cabelo não funcionava","mulher","negócio","F","F","F","F","F","F","F","F","F","F","F","F","F","F","F","F","F","F","F","F","F","F","F","F","F","F"
"77.000000","comida repetitiva e de qualidade discutivel","mulher","negócio","F","F","F","F","F","F","F","F","F","F","F","F","F","F","F","F","F","F","F","F","F","F","F","F","F","F"
"81.000000","Ótimas instalações. Funcionários em geral muito qualificados, atenciosos e muito educados.","homem","negócio","F","F","F","F","F","F","F","F","F","F","F","F","T","F","F","F","T","F","F","F","F","F","F","F","F","F"
"85.000000","Funcionários em geral muito qualificados, atenciosos e muito educados.","mulher","negócio","F","F","F","F","F","F","F","F","F","F","F","F","T","F","F","F","F","F","F","F","F","F","F","F","F","F"
"89.000000","Bom atendimento de seus funcionários","homem","recreação","F","F","F","F","F","F","F","F","F","F","F","F","F","T","F","F","F","F","F","F","F","F","F","F","F","F"
"93.000000","café da manhã ","mulher","negócio","F","F","F","F","T","F","F","F","F","F","F","F","F","F","F","F","F","F","F","F","F","F","F","F","F","F"
"97.000000","atendimento de seus funcionários","mulher","recreação","F","F","F","F","F","F","F","F","F","F","F","F","F","T","F","F","F","F","F","F","F","F","F","F","F","F"
"101.000000","Na forma amável de seus funcionários. Parabéns!","mulher","negócio","F","F","F","F","F","F","F","F","F","F","F","F","T","F","F","F","F","F","F","F","F","F","F","F","F","F"
"105.000000","O quarto tinha um barulho muito alto ","homem","negócio","F","F","F","F","F","F","F","F","F","F","F","F","F","F","F","F","F","F","F","F","F","F","T","F","F","F"
"109.000000","Não internet. Não elevador. Não upgrade.","mulher","recreação","F","F","F","F","F","F","F","F","F","F","T","F","F","F","F","F","F","T","F","F","F","F","F","F","F","F"
"113.000000","Internet Wireless grátis","mulher","recreação","F","F","F","F","F","F","F","F","F","F","F","F","F","F","F","F","F","T","F","F","F","F","F","F","F","F"
"117.000000","internet impoissível. Reception desk muito ruim...Apartamentos Ok","homem","recreação","F","F","F","F","F","F","F","F","F","F","F","F","F","F","F","F","F","T","F","F","F","F","F","F","F","F"
"121.000000","Acomodações muito boas.","homem","negócio","F","F","F","F","F","F","F","F","F","F","F","F","F","F","F","F","F","F","F","F","F","F","F","F","F","F"
"125.000000","Acesso a internet pago e complicado","mulher","recreação","F","F","F","F","F","F","T","F","F","F","F","F","F","F","F","F","F","T","F","F","F","F","F","F","F","F"
"129.000000","Qualidade das acomodações e estrutura do hotel.","homem","recreação","F","F","F","F","F","F","F","F","F","F","F","F","F","F","F","T","F","F","F","F","F","T","F","F","F","F"
"133.000000","Este hotel possui excelente localização e um staff sempre atencioso","mulher","negócio","F","F","F","F","F","F","F","F","F","F","F","F","F","F","F","T","F","F","F","F","T","F","F","F","F","F"
"137.000000","funcionários muito atenciosos e educados. Atendimento rápido e conforto acima do esperado","mulher","recreação","F","F","F","F","F","F","F","F","F","F","F","F","T","F","F","F","F","F","F","F","F","F","F","F","F","F"
"141.000000","pessoas muito simpáticas e prestáveis. Espaço exterior/piscina muito agradável","homem","recreação","F","F","F","F","F","F","F","F","F","F","F","F","F","F","F","F","F","F","F","F","T","F","F","F","F","F"
"145.000000","Pessoal não bom. ","mulher","recreação","F","F","F","F","F","F","F","F","F","F","F","F","F","F","F","F","F","F","F","F","T","F","F","F","F","F"
"149.000000","foi decepcionante a limpeza dos quartos","mulher","negócio","F","F","F","F","F","F","F","F","F","F","F","F","F","F","F","F","F","F","F","F","F","F","T","F","F","F"
"153.000000","internet nos quartos gratuita","mulher","recreação","F","F","F","F","F","F","F","F","F","F","F","F","F","F","F","F","F","T","F","F","F","F","T","F","F","F"
"157.000000","O hotel tem uma agradável piscina","mulher","recreação","F","F","F","F","F","F","F","F","F","F","F","F","F","F","F","T","F","F","F","F","F","F","F","F","F","F"
"161.000000","O QUARTO TEM UMA DECORAÇÃO RELATIVAMENTE ANTIGA, PORÉM É AMPLO E CONFORTÁVEL","mulher","negócio","F","F","F","F","F","F","F","F","T","F","F","F","F","F","F","F","F","F","F","F","F","F","T","F","F","F"
"165.000000","o breakfeast é excepcional.","mulher","negócio","F","F","F","F","T","F","F","F","F","F","F","F","F","F","F","F","F","F","F","F","F","F","F","F","F","F"
"169.000000","processo de check in e check out muito lento.","mulher","negócio","F","F","F","F","F","T","F","F","F","F","F","F","F","F","F","F","F","F","F","F","F","F","F","F","F","F"
"173.000000","Ausencia de estacionamento privativo","homem","recreação","F","F","F","F","F","F","F","F","F","F","F","T","F","F","F","F","F","F","F","F","F","F","F","F","F","F"
"177.000000","comida de qualidade discutivel","homem","negócio","F","F","F","F","F","F","F","F","F","F","F","F","F","F","F","F","F","F","F","F","F","F","F","F","F","F"
"181.000000","Limpeza descuidada","mulher","recreação","F","F","F","F","F","F","F","F","F","F","F","F","F","F","F","F","F","F","F","F","F","F","F","F","F","F"
"185.000000","Secador de cabelo não funcionava","mulher","negócio","F","F","F","F","F","F","F","F","F","F","F","F","F","F","F","F","F","F","F","F","F","F","F","F","F","F"
"189.000000","Agua da banheira pouco quente.","homem","recreação","F","T","F","F","F","F","F","F","F","F","F","F","F","F","F","F","F","F","F","F","F","F","F","F","F","F"
"193.000000","O Hotel é velho em tudo","homem","negócio","F","F","F","F","F","F","F","F","F","F","F","F","F","F","F","T","F","F","F","F","F","F","F","F","F","F"
"197.000000","O quarto tem una decoraçao relativamente antigua","mulher","recreação","F","F","F","F","F","F","F","F","T","F","F","F","F","F","F","F","F","F","F","F","F","F","T","F","F","F"
"201.000000","Quarto amplo, limpo, localizaçao excelente.","mulher","recreação","F","F","F","F","F","F","F","F","F","F","F","F","F","F","F","F","F","F","F","F","F","F","T","F","F","F"
"205.000000","Mal conservado, papel de parede rasgado","mulher","negócio","F","F","F","F","F","F","F","F","F","F","F","F","F","F","F","F","F","F","F","F","F","F","F","F","F","F"
"209.000000","Ar condicionado ruim","mulher","recreação","F","F","F","F","F","F","F","F","F","F","F","F","F","F","F","F","F","F","F","F","F","F","F","F","F","F"
"213.000000","atenção e dedicação dos funcionários","mulher","recreação","F","F","F","F","F","F","F","F","F","F","F","F","T","F","F","F","F","F","F","F","F","F","F","F","F","F"
"217.000000","Organização impecável","homem","recreação","F","F","F","F","F","F","F","F","F","F","F","F","F","F","F","F","F","F","F","F","F","F","F","F","F","F"
"221.000000","O hotell é maravilhoso","mulher","recreação","F","F","F","F","F","F","F","F","F","F","F","F","F","F","F","T","F","F","F","F","F","F","F","F","F","F"
"225.000000","o café é muito bom e os atendentes são bem atenciosos.","mulher","negócio","T","F","F","T","T","F","F","F","F","F","F","F","F","F","F","F","F","F","F","F","F","F","F","F","F","F"
"229.000000","o elevador é muito pequeno","mulher","negócio","F","F","F","F","F","F","F","F","F","F","T","F","F","F","F","F","F","F","F","F","F","F","F","F","F","F"
"233.000000","O Hotel é realmente bem limpo","mulher","negócio","F","F","F","F","F","F","F","F","F","F","F","F","F","F","F","T","F","F","F","F","F","F","F","F","F","F"
"237.000000","preço justo","mulher","negócio","F","F","F","F","F","F","F","F","F","F","F","F","F","F","F","F","F","F","F","F","F","F","F","F","F","F"
"241.000000","há restaurantes próximos.","mulher","negócio","F","F","F","F","F","F","F","F","F","F","F","F","F","F","F","F","F","F","F","F","F","F","F","F","F","F"
"245.000000","quartos super espaçosos e confortáveis","mulher","recreação","F","F","F","F","F","F","F","F","F","F","F","F","F","F","F","F","F","F","F","F","F","F","T","F","F","F"
"249.000000","a academia muito boa e os funcionários bem simpáticos","homem","recreação","F","F","F","T","F","F","F","F","F","F","F","F","T","F","F","F","F","F","F","F","F","F","F","F","F","F"
"253.000000","excelente atendimento","homem","recreação","F","F","F","F","F","F","F","F","F","F","F","F","F","F","F","F","F","F","F","F","F","F","F","F","F","F"
"257.000000","Hotel muito limpo e bem decorado","homem","recreação","F","F","F","T","F","F","F","F","F","F","F","F","F","F","F","T","F","F","F","F","F","F","F","F","F","F"
"261.000000","Esse hotel é imbatível","homem","recreação","F","F","F","F","F","F","F","F","F","F","F","F","F","F","F","T","F","F","F","F","F","F","F","F","F","F"
"265.000000","atendentes super atenciosos","homem","recreação","T","F","F","F","F","F","F","F","F","F","F","F","F","F","F","F","F","F","F","F","F","F","F","F","F","F"
"269.000000","Hotel muito bom, quarto agradável, recepção atenciosa, ótima localização.","homem","recreação","F","F","F","F","F","F","F","F","F","F","F","F","F","F","F","T","F","F","F","F","F","F","T","T","F","F"
"273.000000","elevador barulhento da ate medo","homem","recreação","F","F","F","F","F","F","F","F","F","F","T","F","F","F","F","F","F","F","F","F","F","F","F","F","F","F"
"277.000000","Hotel horrivel; quarto estreito ; reserva ruim","homem","recreação","F","F","F","F","F","F","F","F","F","F","F","F","F","F","F","T","F","F","F","F","F","F","T","F","F","F"
"281.000000","A beleza e a tranquilidade do local. Uma boa reserva.","mulher","recreação","F","F","F","F","F","F","F","F","F","F","F","F","F","F","F","F","F","F","F","F","F","F","F","F","F","F"
"285.000000","Foi excepcional desdeo quarto até ao restaurante","mulher","recreação","F","F","F","F","F","F","F","F","F","F","F","F","F","F","F","F","F","F","F","F","F","F","T","F","F","F"
"289.000000","Atendimento do recepcionista no momento do check in foi maravilhoso. ","mulher","recreação","F","F","F","F","F","T","F","F","F","F","F","F","F","F","F","F","F","F","F","F","F","F","F","F","F","F"
"293.000000","A beleza e a tranquilidade do local.","mulher","recreação","F","F","F","F","F","F","F","F","F","F","F","F","F","F","F","F","F","F","F","F","F","F","F","F","F","F"
"297.000000","Instalações excelentes. Localização perfeita, com acesso a tudo.","mulher","recreação","F","F","F","F","F","F","F","F","F","F","F","F","F","F","F","F","T","F","F","F","F","F","F","F","F","F"
"301.000000","nunca tive problemas","homem","negócio","F","F","F","F","F","F","F","F","F","F","F","F","F","F","F","F","F","F","F","F","F","F","F","F","F","F"
"305.000000","Com uma ótima recepção e atendimento","mulher","negócio","F","F","F","F","F","F","F","F","F","F","F","F","F","F","F","F","F","F","F","F","F","F","F","T","F","F"
"309.000000","atendimento eficaz e atencioso","mulher","recreação","F","F","F","F","F","F","F","F","F","F","F","F","F","F","F","F","F","F","F","F","F","F","F","F","F","F"
"313.000000","manutenção muito cuidada","mulher","recreação","F","F","F","F","F","F","F","T","F","F","F","F","F","F","F","F","F","F","T","F","F","F","F","F","F","F"
"317.000000","Gostamos muito do hotel","mulher","negócio","F","F","F","F","F","F","F","F","F","F","F","F","F","F","F","T","F","F","F","F","F","F","F","F","F","F"
"321.000000","durante a hospedagem fomos muito bem atendido","mulher","negócio","F","F","F","F","F","F","F","F","F","F","F","F","F","F","T","F","F","F","F","F","F","F","F","F","F","F"
"325.000000","Camas muito estreitas","mulher","recreação","F","F","F","F","F","F","F","F","F","F","F","F","F","F","F","F","F","F","F","F","F","F","F","F","F","F"
"329.000000","Hotel com uma espetacular localização","mulher","recreação","F","F","F","F","F","F","F","F","F","F","F","F","F","F","F","T","F","F","F","F","F","F","F","F","F","F"
"333.000000","Limpesa, eficiencia na recepção, boa localização","mulher","negócio","F","F","F","F","F","F","F","F","F","F","F","F","F","F","F","F","F","F","F","F","F","F","F","T","F","F"
"337.000000","tarifa muito alta","mulher","negócio","F","F","F","F","F","F","F","F","F","F","F","F","F","F","F","F","F","F","F","F","F","F","F","F","F","F"
"341.000000","Serviço impecável","mulher","negócio","F","F","F","F","F","F","F","F","F","F","F","F","F","F","F","F","F","F","F","F","F","F","F","F","T","F"
"345.000000","quarto confortável e bonito","mulher","negócio","F","F","F","F","F","F","F","F","F","F","F","F","F","F","F","F","F","F","F","F","F","F","T","F","F","F"
"349.000000","Adoramos o check in ","mulher","recreação","F","F","F","F","F","T","F","F","F","F","F","F","F","F","F","F","F","F","F","F","F","F","F","F","F","F"
"353.000000","Nada a reclamar","homem","recreação","F","F","F","F","F","F","F","F","F","F","F","F","F","F","F","F","F","F","F","F","F","F","F","F","F","F"
"357.000000","Nada a reclamar","homem","recreação","F","F","F","F","F","F","F","F","F","F","F","F","F","F","F","F","F","F","F","F","F","F","F","F","F","F"
"361.000000","simpatia do director do Hotel","homem","recreação","F","F","F","F","F","F","F","F","F","F","F","F","F","F","F","F","F","F","F","F","F","F","F","F","F","F"
"365.000000","O café da manhã e o Happy-hour são excepcionais","homem","recreação","F","F","F","F","T","F","F","F","F","F","F","F","F","F","F","F","F","F","F","F","F","F","F","F","F","F"
"369.000000","Serviço excepcional","homem","recreação","F","F","F","F","F","F","F","F","F","F","F","F","F","F","F","F","F","F","F","F","F","F","F","F","T","F"
"373.000000","upgrade de cortesia","homem","recreação","F","F","F","F","F","F","F","F","F","F","F","F","F","F","F","F","F","F","F","F","F","F","F","F","F","F"
"377.000000","Boa localização","homem","recreação","F","F","F","F","F","F","F","F","F","F","F","F","F","F","F","F","F","F","F","F","F","F","F","F","F","F"
"381.000000","Pratos deliciosos, cama muito confortavel","homem","recreação","F","F","F","F","F","F","F","F","F","F","F","F","F","F","F","F","F","F","F","F","F","F","F","F","F","F"
"385.000000","cama muito confortavel","homem","recreação","F","F","F","F","F","F","F","F","F","F","F","F","F","F","F","F","F","F","F","F","F","F","F","F","F","F"
"389.000000","Preco exorbitante","homem","recreação","F","F","F","F","F","F","F","F","F","F","F","F","F","F","F","F","F","F","F","F","F","F","F","F","F","F"
"393.000000","os quartos necessitam de modernização","homem","recreação","F","F","F","F","F","F","F","F","F","F","F","F","F","F","F","F","F","F","F","F","F","F","T","F","F","F"
"397.000000","cordialidade dos atendentes","homem","recreação","T","F","F","F","F","F","F","F","F","F","F","F","F","F","F","F","F","F","F","F","F","F","F","F","F","F"
"401.000000","o quarto estava umido","homem","recreação","F","F","F","F","F","F","F","F","F","F","F","F","F","F","F","F","F","F","F","F","F","F","T","F","F","F"
"405.000000","O quarto muito bom e a cama maravilhosa","homem","recreação","F","F","F","F","F","F","F","F","F","F","F","F","F","F","F","F","F","F","F","F","F","F","T","F","F","F"
"409.000000","Staff muito simpático e prestável","homem","recreação","F","F","F","F","F","F","F","F","F","F","F","F","F","F","F","F","F","F","F","F","T","F","F","F","F","F"
"413.000000","ótima localização","homem","recreação","F","F","F","F","F","F","F","F","F","F","F","F","F","F","F","F","F","F","F","F","F","F","F","F","F","F"
"417.000000","serviço atencioso e boa qualidade do restaurante","mulher","recreação","F","F","F","F","F","F","F","F","F","F","F","F","F","F","F","F","F","F","F","F","F","T","F","F","T","F"
"421.000000","quarto confortável e bonito","mulher","recreação","F","F","F","F","F","F","F","F","F","F","F","F","F","F","F","F","F","F","F","F","F","F","T","F","F","F"
"425.000000","O Hotel é realmente bem limpo","homem","recreação","F","F","F","F","F","F","F","F","F","F","F","F","F","F","F","T","F","F","F","F","F","F","F","F","F","F"
"429.000000","preço justo","homem","recreação","F","F","F","F","F","F","F","F","F","F","F","F","F","F","F","F","F","F","F","F","F","F","F","F","F","F"
"433.000000","há restaurantes próximos.","mulher","negócio","F","F","F","F","F","F","F","F","F","F","F","F","F","F","F","F","F","F","F","F","F","F","F","F","F","F"
"437.000000","quartos super espaçosos e confortáveis","mulher","negócio","F","F","F","F","F","F","F","F","F","F","F","F","F","F","F","F","F","F","F","F","F","F","T","F","F","F"
"441.000000","a academia muito boa e os funcionários bem simpáticos","mulher","recreação","F","F","F","T","F","F","F","F","F","F","F","F","T","F","F","F","F","F","F","F","F","F","F","F","F","F"
"445.000000","excelente atendimento","mulher","negócio","F","F","F","F","F","F","F","F","F","F","F","F","F","F","F","F","F","F","F","F","F","F","F","F","F","F"
"449.000000","Hotel muito limpo e bem decorado","mulher","recreação","F","F","F","T","F","F","F","F","F","F","F","F","F","F","F","T","F","F","F","F","F","F","F","F","F","F"
"453.000000","Esse hotel é imbatível","mulher","recreação","F","F","F","F","F","F","F","F","F","F","F","F","F","F","F","T","F","F","F","F","F","F","F","F","F","F"
"457.000000","atendentes super atenciosos","homem","recreação","T","F","F","F","F","F","F","F","F","F","F","F","F","F","F","F","F","F","F","F","F","F","F","F","F","F"
"461.000000","Hotel muito bom, quarto agradável, recepção atenciosa, ótima localização.","mulher","recreação","F","F","F","F","F","F","F","F","F","F","F","F","F","F","F","T","F","F","F","F","F","F","T","T","F","F"
"465.000000","elevador barulhento da ate medo","mulher","recreação","F","F","F","F","F","F","F","F","F","F","T","F","F","F","F","F","F","F","F","F","F","F","F","F","F","F"
"469.000000","Hotel horrível; reserva ruim; quarto estreito","homem","negócio","F","F","F","F","F","F","F","F","F","F","F","F","F","F","F","T","F","F","F","F","F","F","T","F","F","F"
"473.000000","A beleza e a tranquilidade do local. Uma boa reserva.","homem","negócio","F","F","F","F","F","F","F","F","F","F","F","F","F","F","F","F","F","F","F","F","F","F","F","F","F","F"
"477.000000","Foi excepcional desdeo quarto até ao restaurante","homem","negócio","F","F","F","F","F","F","F","F","F","F","F","F","F","F","F","F","F","F","F","F","F","F","T","F","F","F"
"481.000000","Atendimento do recepcionista no momento do check in foi maravilhoso. ","homem","negócio","F","F","F","F","F","T","F","F","F","F","F","F","F","F","F","F","F","F","F","F","F","F","F","F","F","F"
"485.000000","A beleza e a tranquilidade do local.","homem","negócio","F","F","F","F","F","F","F","F","F","F","F","F","F","F","F","F","F","F","F","F","F","F","F","F","F","F"
"489.000000","Instalações excelentes. Localização perfeita, com acesso a tudo.","mulher","recreação","F","F","F","F","F","F","F","F","F","F","F","F","F","F","F","F","T","F","F","F","F","F","F","F","F","F"
"493.000000","hotel descuidado","mulher","negócio","F","F","F","F","F","F","F","F","F","F","F","F","F","F","F","T","F","F","F","F","F","F","F","F","F","F"
"497.000000","Com uma ótima recepção e atendimento","mulher","negócio","F","F","F","F","F","F","F","F","F","F","F","F","F","F","F","F","F","F","F","F","F","F","F","T","F","F"
"2.000000","Quarto muito grande, ma não transporte.","mulher","negócio","F","F","F","F","F","F","F","F","F","F","F","F","F","F","F","F","F","F","F","F","F","F","T","F","F","F"
"6.000000","Hotel bem localizado. Funcionário atentos. Jornais disponiveis no club lounge.","homem","recreação","F","F","F","T","F","F","F","F","F","T","F","F","T","F","F","T","F","F","F","F","F","F","F","F","F","F"
"10.000000","No geral, funcionários arrogantes. não   transporte para o aeroporto.","mulher","negócio","F","F","F","F","F","F","F","F","F","F","F","F","T","F","F","F","F","F","F","F","F","F","F","F","F","F"
"14.000000","O quarto deveria estar mais limpo. Havia manchas no chão do quarto.","mulher","recreação","F","F","F","F","F","F","F","F","F","F","F","F","F","F","F","F","F","F","F","F","F","F","T","F","F","F"
"18.000000","Má  localização do hotel. não  transporte","mulher","negócio","F","F","F","F","F","F","F","F","F","F","F","F","F","F","F","T","F","F","F","F","F","F","F","F","F","F"
"22.000000","Hotel bem localizado. Camas muito estreitas","homem","negócio","F","F","F","T","F","F","F","F","F","F","F","F","F","F","F","T","F","F","F","F","F","F","F","F","F","F"
"26.000000","O equipamento dos apartamentos precissam de modernizacao, especialmente o banheiro","mulher","negócio","F","F","T","F","F","F","F","F","F","F","F","F","F","F","F","F","F","F","F","F","F","F","F","F","F","F"
"30.000000","Ausencia de Internet wi-fi gratis nos quartos","homem","negócio","F","F","F","F","F","F","F","F","F","F","F","F","F","F","F","F","F","T","F","F","F","F","T","F","F","F"
"34.000000","O hotel é muito bom. O único ponto horroroso é a comida, muito ruim e pouca variedade","homem","recreação","F","F","F","F","F","F","F","F","F","F","F","F","F","F","F","T","F","F","F","F","F","F","F","F","F","F"
"38.000000","equipe bem treinada e preocupada em nos atender","homem","recreação","F","F","F","F","F","F","F","F","F","F","F","F","F","F","F","F","F","F","F","F","F","F","F","F","F","F"
"42.000000","Estrutura velha. Preços extorsivos.","mulher","negócio","F","F","F","F","F","F","F","F","F","F","F","F","F","F","F","F","F","F","F","F","F","F","F","F","F","F"
"46.000000","Este hotel possui excelente localização e um staff sempre atencioso. ","homem","negócio","F","F","F","F","F","F","F","F","F","F","F","F","F","F","F","T","F","F","F","F","T","F","F","F","F","F"
"50.000000","Porta do quarto avariada, limpeza descuidada, secador de cabelo não funcionava, comida de qualidade discutivel e repetitiva. antipatia de alguns funcionários","homem","recreação","F","F","F","F","F","F","F","F","F","F","F","F","T","F","F","F","F","F","F","F","F","F","F","F","F","F"
"54.000000","limpeza descuidada.","homem","negócio","F","F","F","F","F","F","F","F","F","F","F","F","F","F","F","F","F","F","F","F","F","F","F","F","F","F"
"58.000000","A cordialidade do serviço e a limpeza ","mulher","negócio","F","F","F","F","F","F","F","F","F","F","F","F","F","F","F","F","F","F","F","F","F","F","F","F","T","F"
"62.000000","Hotel silencioso","homem","negócio","F","F","F","F","F","F","F","F","F","F","F","F","F","F","F","T","F","F","F","F","F","F","F","F","F","F"
"66.000000","Uma experiencia a não repetir e que me leva a nao recomendar o hotel.","mulher","recreação","F","F","F","F","F","F","F","F","F","F","F","F","F","F","F","T","F","F","F","F","F","F","F","F","F","F"
"70.000000","O serviço é péssimo. Pessoas mal treinadas e processo de check-in muito lento","mulher","recreação","F","F","F","F","F","T","F","F","F","F","F","F","F","F","F","F","F","F","F","F","T","F","F","F","T","F"
"74.000000"," é un hotel antiguo","homem","negócio","F","F","F","F","F","F","F","F","F","F","F","F","F","F","F","T","F","F","F","F","F","F","F","F","F","F"
"78.000000","O atendimento foi terrível.","homem","recreação","F","F","F","F","F","F","F","F","F","F","F","F","F","F","F","F","F","F","F","F","F","F","F","F","F","F"
"82.000000","O atendimento  é excelente. Todos os funcionários são muito cordiais. A única parte do hotel que não gostei foi a academia que tem pouquíssimos equipamentos, poucas variedades de pesos para fazer os exercícios e o espaço é pequeno.","homem","negócio","F","F","F","F","F","F","F","F","F","F","F","F","T","F","F","T","F","F","F","F","F","F","F","F","F","F"
"86.000000","instalações do quarto velhas e com mau estado de conservação","homem","negócio","F","F","F","F","F","F","F","F","F","F","F","F","F","F","F","F","T","F","F","F","F","F","F","F","F","F"
"90.000000","O atendimento foi terrível.","mulher","recreação","F","F","F","F","F","F","F","F","F","F","F","F","F","F","F","F","F","F","F","F","F","F","F","F","F","F"
"94.000000","pessima estadia","mulher","negócio","F","F","F","F","F","F","F","F","F","F","F","F","F","F","F","F","F","F","F","F","F","F","F","F","F","F"
"98.000000","internet nos quartos gratuita","homem","recreação","F","F","F","F","F","F","F","F","F","F","F","F","F","F","F","F","F","T","F","F","F","F","T","F","F","F"
"102.000000","no atendimento e disponibilidade dos funcionários quando necessário.","mulher","negócio","F","F","F","F","F","F","F","F","F","T","F","F","T","F","F","F","F","F","F","F","F","F","F","F","F","F"
"106.000000","O quarto deveria estar mais limpo. ","homem","negócio","F","F","F","F","F","F","F","F","F","F","F","F","F","F","F","F","F","F","F","F","F","F","T","F","F","F"
"110.000000","Não há serviço de quarto!  O elevador não funciona","mulher","recreação","F","F","F","F","F","F","F","F","F","F","T","F","F","F","F","F","F","F","F","F","F","F","F","F","T","F"
"114.000000","Hotel com uma espetacular localização. Bom elevador. Boa comida. Reception desk muito atento","mulher","recreação","F","F","F","F","F","F","F","F","F","F","T","F","F","F","F","T","F","F","F","F","F","F","F","F","F","F"
"118.000000","Reception desk muito ruim","mulher","recreação","F","F","F","F","F","F","F","F","F","F","F","F","F","F","F","F","F","F","F","F","F","F","F","F","F","F"
"122.000000","Acesso a internet pago e complicado. Não jornal gratuito","mulher","recreação","F","F","F","F","F","F","T","F","F","F","F","F","F","F","F","F","F","T","F","F","F","F","F","F","F","F"
"126.000000","Ótimas acomodações e atendimento.","homem","recreação","F","F","F","F","F","F","F","F","F","F","F","F","F","F","F","F","F","F","F","F","F","F","F","F","F","F"
"130.000000","Obras durante a madrugada, com barulho prejudicando o sono","homem","recreação","F","F","F","F","F","F","F","F","F","F","F","F","F","F","F","F","F","F","F","F","F","F","F","F","F","F"
"134.000000","servico do pessoal atento e disponivel para qualquer questao","mulher","negócio","F","F","F","F","F","F","F","F","F","T","F","F","F","F","F","F","F","F","F","F","T","F","F","F","F","F"
"138.000000","Staff nada condial","mulher","recreação","F","F","F","F","F","F","F","F","F","F","F","F","F","F","F","F","F","F","F","F","T","F","F","F","F","F"
"142.000000","O café da manhã poderia ser melhor.","homem","recreação","F","F","F","F","T","F","F","F","F","F","F","F","F","F","F","F","F","F","F","F","F","F","F","F","F","F"
"146.000000","pessoal não teve nada de cordial","homem","recreação","F","F","F","F","F","F","F","F","F","F","F","F","F","F","F","F","F","F","F","F","T","F","F","F","F","F"
"150.000000","foi decepcionante a localização  do hotel ","mulher","negócio","F","F","F","F","F","F","F","F","F","F","F","F","F","F","F","T","F","F","F","F","F","F","F","F","F","F"
"154.000000","Manutenção e acabamento dos quartos e área de lazer deixaram a desejar","mulher","recreação","F","F","F","F","F","F","F","F","F","F","F","F","F","F","F","F","F","F","T","F","F","F","T","F","F","F"
"158.000000","O hotel tem uma piscina agradável","homem","recreação","F","F","F","F","F","F","F","F","F","F","F","F","F","F","F","T","F","F","F","F","F","F","F","F","F","F"
"162.000000","o hotel tem instalação modernas e muito confortáveis.","homem","negócio","F","F","F","F","F","F","F","F","F","F","F","F","F","F","F","T","T","F","F","F","F","F","F","F","F","F"
"166.000000","A banheira oferecida para o banho do nosso filho estava suja","mulher","recreação","F","T","F","F","F","F","F","F","F","F","F","F","F","F","F","F","F","F","F","F","F","F","F","F","F","F"
"170.000000","O preço cobrado pelo estacionamento é abusivo","homem","negócio","F","F","F","F","F","F","F","F","F","F","F","T","F","F","F","F","F","F","F","F","F","F","F","F","F","F"
"174.000000","Tudo perfeito! Atendimento maravilhoso! ","homem","recreação","F","F","F","F","F","F","F","F","F","F","F","F","F","F","F","F","F","F","F","F","F","F","F","F","F","F"
"178.000000","Quarto não fumante com cheiro de mofo","homem","negócio","F","F","F","F","F","F","F","F","F","F","F","F","F","F","F","F","F","F","F","F","F","F","T","F","F","F"
"182.000000","Foi decepcionante a limpeza dos quartos","mulher","recreação","F","F","F","F","F","F","F","F","F","F","F","F","F","F","F","F","F","F","F","F","F","F","T","F","F","F"
"186.000000","O carpet do meu quarto estava  sujo com manchas","mulher","negócio","F","F","F","F","F","F","F","F","F","F","F","F","F","F","F","F","F","F","F","F","F","F","T","F","F","F"
"190.000000","Camas muito estreitas","homem","recreação","F","F","F","F","F","F","F","F","F","F","F","F","F","F","F","F","F","F","F","F","F","F","F","F","F","F"
"194.000000","falta de comodidade nas salas comuns","homem","recreação","F","F","F","F","F","F","F","F","F","F","F","F","F","F","F","F","F","F","F","F","F","F","F","F","F","F"
"198.000000","Manutenção e área de lazer deixaram a desejar","mulher","recreação","F","F","F","F","F","F","F","F","F","F","F","F","F","F","F","F","F","F","T","F","F","F","F","F","F","F"
"202.000000","Limpo, com qualidade e com excelente atendimento","mulher","negócio","F","F","F","F","F","F","F","F","F","F","F","F","F","F","F","F","F","F","F","F","F","T","F","F","F","F"
"206.000000","Má insonorização dos quartos","mulher","recreação","F","F","F","F","F","F","F","F","F","F","F","F","F","F","F","F","F","F","F","F","F","F","T","F","F","F"
"210.000000","cama pequena, sem internet gratuita.","homem","negócio","F","F","F","F","F","F","F","F","F","F","F","F","F","F","F","F","F","T","F","F","F","F","F","F","F","F"
"214.000000","Atendimento maravilhoso!","mulher","recreação","F","F","F","F","F","F","F","F","F","F","F","F","F","F","F","F","F","F","F","F","F","F","F","F","F","F"
"218.000000","o antendimento, desde a recepção ao serviço de quarto.","mulher","recreação","F","F","F","F","F","F","F","F","F","F","F","F","F","F","F","F","F","F","F","F","F","F","F","T","T","F"
"222.000000","maravilhosa estadia","mulher","recreação","F","F","F","F","F","F","F","F","F","F","F","F","F","F","F","F","F","F","F","F","F","F","F","F","F","F"
"226.000000","A internet wifi funciona muito bem","mulher","recreação","F","F","F","F","F","F","F","F","F","F","F","F","F","F","F","F","F","T","F","F","F","F","F","F","F","F"
"230.000000","Hotel com pouca infraestrutura, mal localizado, com um elevador que é uma piada","mulher","recreação","F","F","F","F","F","F","F","F","F","F","T","F","F","F","F","T","F","F","F","F","F","F","F","F","F","F"
"234.000000","Os funcionários são atenciosos e educados","mulher","recreação","F","F","F","F","F","F","F","F","F","F","F","F","T","F","F","F","F","F","F","F","F","F","F","F","F","F"
"238.000000","recomendo a todos que visitarem Paris","mulher","recreação","F","F","F","F","F","F","F","F","F","F","F","F","F","F","F","F","F","F","F","F","F","F","F","F","F","F"
"242.000000","Serviço muito bom. Localização a poucos minutos de trabalho","mulher","negócio","F","F","F","F","F","F","F","F","F","F","F","F","F","F","F","F","F","F","F","F","F","F","F","F","T","T"
"246.000000","bom custo-benefício","mulher","negócio","F","F","F","F","F","F","F","F","F","F","F","F","F","F","F","F","F","F","F","F","F","F","F","F","F","F"
"250.000000","O wifi funciona muito bem","homem","negócio","F","F","F","F","F","F","F","F","F","F","F","F","F","F","F","F","F","F","F","F","F","F","F","F","F","F"
"254.000000","A localização do hotel também é um ponto forte","homem","negócio","F","F","F","F","F","F","F","F","F","F","F","F","F","F","F","T","F","F","F","F","F","F","F","F","F","F"
"258.000000","Quartos grandes com banheiros novos e limpos","homem","negócio","F","F","T","F","F","F","F","F","F","F","F","F","F","F","F","F","F","F","F","F","F","F","T","F","F","F"
"262.000000","Parking free, cafe da manha incluido, quarto bom e localização","homem","negócio","F","F","F","F","T","F","F","F","F","F","F","F","F","F","F","F","F","F","F","T","F","F","T","F","F","F"
"266.000000","Café da manhã variado com frutas, doces, pães, sucos.","homem","negócio","F","F","F","F","T","F","F","F","F","F","F","F","F","F","F","F","F","F","F","F","F","F","F","F","F","F"
"270.000000","Café da manhã excelente, funcionários prestativos.","homem","negócio","F","F","F","F","T","F","F","F","F","F","F","F","T","F","F","F","F","F","F","F","F","F","F","F","F","F"
"274.000000","funcionários não são gentis. Quartos muitos estreitos","homem","negócio","F","F","F","F","F","F","F","F","F","F","F","F","T","F","F","F","F","F","F","F","F","F","T","F","F","F"
"278.000000","lâmpadas queimadas. Desconfortável","homem","negócio","F","F","F","F","F","F","F","F","F","F","F","F","F","F","F","F","F","F","F","F","F","F","F","F","F","F"
"282.000000","Equipe extremamente gentil, hotel silencioso e club lounge de boa qualidade","mulher","recreação","F","F","F","F","F","F","F","F","F","F","F","F","F","F","F","T","F","F","F","F","F","T","F","F","F","F"
"286.000000","Cofre e Minibar nao estavam disponíveis.","mulher","recreação","F","F","F","F","F","F","F","F","F","T","F","F","F","F","F","F","F","F","F","F","F","F","F","F","F","F"
"290.000000","Todos meus pedidos foram concedidos.","mulher","recreação","F","F","F","F","F","F","F","F","F","F","F","F","F","F","F","F","F","F","F","F","F","F","F","F","F","F"
"294.000000","Atendimento excelente. Qualidade das acomodações","mulher","recreação","F","F","F","F","F","F","F","F","F","F","F","F","F","F","F","F","F","F","F","F","F","T","F","F","F","F"
"298.000000","Atendimento muito bom, sempre ágil e cortês. ","mulher","recreação","F","F","F","F","F","F","F","F","F","F","F","F","F","F","F","F","F","F","F","F","F","F","F","F","F","F"
"302.000000","o club lounge oferece internet gratuita","homem","negócio","F","F","F","F","F","F","F","F","F","F","F","F","F","F","F","F","F","T","F","F","F","F","F","F","F","F"
"306.000000","Excelente área e localização do hotel","homem","recreação","F","F","F","F","F","F","F","F","F","F","F","F","F","F","F","T","F","F","F","F","F","F","F","F","F","F"
"310.000000","diversidade do café da manhã","homem","negócio","F","F","F","F","T","F","F","F","F","F","F","F","F","F","F","F","F","F","F","F","F","F","F","F","F","F"
"314.000000","os quartos deliciosos e limpissimos","homem","negócio","F","F","F","F","F","F","F","F","F","F","F","F","F","F","F","F","F","F","F","F","F","F","T","F","F","F"
"318.000000","pessoas muito atenciosas e prestativas","homem","negócio","F","F","F","F","F","F","F","F","F","F","F","F","F","F","F","F","F","F","F","F","T","F","F","F","F","F"
"322.000000","o único ponto negativo foi o café da manhã","homem","recreação","F","F","F","F","T","F","F","F","F","F","F","F","F","F","F","F","F","F","F","F","F","F","F","F","F","F"
"326.000000","Funcionários atentos","homem","negócio","F","F","F","F","F","F","F","F","F","F","F","F","T","F","F","F","F","F","F","F","F","F","F","F","F","F"
"330.000000","Internet Wireless grátis no quarto","homem","negócio","F","F","F","F","F","F","F","F","F","F","F","F","F","F","F","F","F","T","F","F","F","F","T","F","F","F"
"334.000000","Internet nos quartos gratuita","homem","recreação","F","F","F","F","F","F","F","F","F","F","F","F","F","F","F","F","F","T","F","F","F","F","T","F","F","F"
"338.000000","preço exorbitante do café da manhã","homem","recreação","F","F","F","F","T","F","F","F","F","F","F","F","F","F","F","F","F","F","F","F","F","F","F","F","F","F"
"342.000000","Servico impecável","homem","recreação","F","F","F","F","F","F","F","F","F","F","F","F","F","F","F","F","F","F","F","F","F","F","F","F","T","F"
"346.000000","Todos os funcionários foram extremamente atenciosos","homem","recreação","F","F","F","F","F","F","F","F","F","F","F","F","T","F","F","F","F","F","F","F","F","F","F","F","F","F"
"350.000000","Tudo perfeito","homem","recreação","F","F","F","F","F","F","F","F","F","F","F","F","F","F","F","F","F","F","F","F","F","F","F","F","F","F"
"354.000000","Nada a reclamar","mulher","negócio","F","F","F","F","F","F","F","F","F","F","F","F","F","F","F","F","F","F","F","F","F","F","F","F","F","F"
"358.000000","Acomodações muito boas","mulher","negócio","F","F","F","F","F","F","F","F","F","F","F","F","F","F","F","F","F","F","F","F","F","F","F","F","F","F"
"362.000000","O cheiro de mofo nos elevadores e no quarto eram inaceitáveis","mulher","recreação","F","F","F","F","F","F","F","F","F","F","T","F","F","F","F","F","F","F","F","F","F","F","T","F","F","F"
"366.000000","O check-in foi demorado","mulher","negócio","F","F","F","F","F","T","F","F","F","F","F","F","F","F","F","F","F","F","F","F","F","F","F","F","F","F"
"370.000000","Serviço excepcional","mulher","negócio","F","F","F","F","F","F","F","F","F","F","F","F","F","F","F","F","F","F","F","F","F","F","F","F","T","F"
"374.000000","eficiência no chack out","homem","negócio","F","F","F","F","F","F","F","F","F","F","F","F","F","F","F","F","F","F","F","F","F","F","F","F","F","F"
"378.000000","bom relacionamento preco e qualidade","mulher","negócio","F","F","F","F","F","F","F","F","F","F","F","F","F","F","F","F","F","F","F","F","F","F","F","F","F","F"
"382.000000","Pratos deliciosos","mulher","negócio","F","F","F","F","F","F","F","F","F","F","F","F","F","F","F","F","F","F","F","F","F","F","F","F","F","F"
"386.000000","cama confortavel","mulher","negócio","F","F","F","F","F","F","F","F","F","F","F","F","F","F","F","F","F","F","F","F","F","F","F","F","F","F"
"390.000000","profissionalismo de todos funcionarios","mulher","negócio","F","F","F","F","F","F","F","F","F","F","F","F","T","F","F","F","F","F","F","F","F","F","F","F","F","F"
"394.000000","os quartos necessitam de modernização","mulher","negócio","F","F","F","F","F","F","F","F","F","F","F","F","F","F","F","F","F","F","F","F","F","F","T","F","F","F"
"398.000000","O serviço é bastante impessoal","mulher","negócio","F","F","F","F","F","F","F","F","F","F","F","F","F","F","F","F","F","F","F","F","F","F","F","F","T","F"
"402.000000","o lençol e os travesseiros estavam com mau cheiro","mulher","negócio","F","F","F","F","F","F","F","F","F","F","F","F","F","F","F","F","F","F","F","F","F","F","F","F","F","F"
"406.000000","Pessoas mal treinadas","mulher","recreação","F","F","F","F","F","F","F","F","F","F","F","F","F","F","F","F","F","F","F","F","T","F","F","F","F","F"
"410.000000","pessoal muito simpático e prestável","mulher","recreação","F","F","F","F","F","F","F","F","F","F","F","F","F","F","F","F","F","F","F","F","T","F","F","F","F","F"
"414.000000","serviço atencioso e boa qualidade do restaurante","mulher","recreação","F","F","F","F","F","F","F","F","F","F","F","F","F","F","F","F","F","F","F","F","F","T","F","F","T","F"
"418.000000","serviço atencioso e boa qualidade do restaurante","homem","recreação","F","F","F","F","F","F","F","F","F","F","F","F","F","F","F","F","F","F","F","F","F","T","F","F","T","F"
"422.000000","Hotel com pouca infraestrutura, mal localizado, com um elevador que é uma piada","mulher","recreação","F","F","F","F","F","F","F","F","F","F","T","F","F","F","F","T","F","F","F","F","F","F","F","F","F","F"
"426.000000","Os funcionários são atenciosos e educados","mulher","recreação","F","F","F","F","F","F","F","F","F","F","F","F","T","F","F","F","F","F","F","F","F","F","F","F","F","F"
"430.000000","recomendo a todos que visitarem Paris","mulher","recreação","F","F","F","F","F","F","F","F","F","F","F","F","F","F","F","F","F","F","F","F","F","F","F","F","F","F"
"434.000000","Serviço muito bom. Localização a poucos minutos de trabalho","homem","recreação","F","F","F","F","F","F","F","F","F","F","F","F","F","F","F","F","F","F","F","F","F","F","F","F","T","T"
"438.000000","bom custo-benefício","homem","negócio","F","F","F","F","F","F","F","F","F","F","F","F","F","F","F","F","F","F","F","F","F","F","F","F","F","F"
"442.000000","O wifi funciona muito bem","homem","recreação","F","F","F","F","F","F","F","F","F","F","F","F","F","F","F","F","F","F","F","F","F","F","F","F","F","F"
"446.000000","A localização do hotel também é um ponto forte","homem","negócio","F","F","F","F","F","F","F","F","F","F","F","F","F","F","F","T","F","F","F","F","F","F","F","F","F","F"
"450.000000","Quartos grandes com banheiros novos e limpos","homem","negócio","F","F","T","F","F","F","F","F","F","F","F","F","F","F","F","F","F","F","F","F","F","F","T","F","F","F"
"454.000000","Parking free, cafe da manha incluido, quarto bom e localização","mulher","negócio","F","F","F","F","T","F","F","F","F","F","F","F","F","F","F","F","F","F","F","T","F","F","T","F","F","F"
"458.000000","Café da manhã variado com frutas, doces, pães, sucos.","mulher","negócio","F","F","F","F","T","F","F","F","F","F","F","F","F","F","F","F","F","F","F","F","F","F","F","F","F","F"
"462.000000","Café da manhã excelente, funcionários prestativos.","homem","negócio","F","F","F","F","T","F","F","F","F","F","F","F","T","F","F","F","F","F","F","F","F","F","F","F","F","F"
"466.000000","funcionários não são gentis. Quartos muitos estreitos","homem","negócio","F","F","F","F","F","F","F","F","F","F","F","F","T","F","F","F","F","F","F","F","F","F","T","F","F","F"
"470.000000","lâmpadas queimadas. Desconfortável","mulher","recreação","F","F","F","F","F","F","F","F","F","F","F","F","F","F","F","F","F","F","F","F","F","F","F","F","F","F"
"474.000000","Equipe extremamente gentil, hotel silencioso e club lounge de boa qualidade","mulher","recreação","F","F","F","F","F","F","F","F","F","F","F","F","F","F","F","T","F","F","F","F","F","T","F","F","F","F"
"478.000000","Cofre e Minibar nao estavam disponíveis. Área horrível","mulher","recreação","F","F","F","F","F","F","F","F","F","T","F","F","F","F","F","F","F","F","F","F","F","F","F","F","F","F"
"482.000000","Todos meus pedidos foram concedidos. Hotel bem cuidado","homem","recreação","F","F","F","F","F","F","F","T","F","F","F","F","F","F","F","T","F","F","F","F","F","F","F","F","F","F"
"486.000000","Atendimento excelente. Qualidade das acomodações","mulher","recreação","F","F","F","F","F","F","F","F","F","F","F","F","F","F","F","F","F","F","F","F","F","T","F","F","F","F"
"490.000000","Atendimento muito bom, sempre ágil e cortês. ","homem","recreação","F","F","F","F","F","F","F","F","F","F","F","F","F","F","F","F","F","F","F","F","F","F","F","F","F","F"
"494.000000","o club lounge oferece internet gratuita; o hotel muito cuidado","homem","recreação","F","F","F","F","F","F","F","T","F","F","F","F","F","F","F","T","F","T","F","F","F","F","F","F","F","F"
"498.000000","Excelente área e localização do hotel","homem","recreação","F","F","F","F","F","F","F","F","F","F","F","F","F","F","F","T","F","F","F","F","F","F","F","F","F","F"
"4.000000","Os funcionarios sao educados e cordiais. Jornais disponiveis","homem","recreação","F","F","F","F","F","F","F","F","F","T","F","F","T","F","F","F","F","F","F","F","F","F","F","F","F","F"
"8.000000","os quartos necessitam de modernização. não transporte gratuito","homem","negócio","F","F","F","F","F","F","F","F","F","F","F","F","F","F","F","F","F","F","F","F","F","F","T","F","F","F"
"12.000000","O cheiro de mofo nos elevadores e no quarto eram inaceitáveis.","homem","negócio","F","F","F","F","F","F","F","F","F","F","T","F","F","F","F","F","F","F","F","F","F","F","T","F","F","F"
"16.000000","Má insonorização dos quartos e da janela","mulher","recreação","F","F","F","F","F","F","F","F","F","F","F","F","F","F","F","F","F","F","F","F","F","F","T","F","F","F"
"20.000000","os quartos necessitam de modernização.","homem","recreação","F","F","F","F","F","F","F","F","F","F","F","F","F","F","F","F","F","F","F","F","F","F","T","F","F","F"
"24.000000","Banheiro limpo. Faltou a toalha de chao de banheiro","mulher","recreação","F","F","T","F","F","F","F","F","F","F","F","F","F","F","F","F","F","F","F","F","F","F","F","F","F","F"
"28.000000"," Gostaria que fosse  o acesso à internet free","mulher","recreação","F","F","F","F","F","F","F","F","F","F","F","F","F","F","F","F","F","T","F","F","F","F","F","F","F","F"
"32.000000","Cheiro a humidad","homem","recreação","F","F","F","F","F","F","F","F","F","F","F","F","F","F","F","F","F","F","F","F","F","F","F","F","F","F"
"36.000000","tudo muito bem organizado, com funcionários muito atenciosos e educados. ","mulher","negócio","F","F","F","F","F","F","F","F","F","F","F","F","T","F","F","F","F","F","F","F","F","F","F","F","F","F"
"40.000000"," Péssima relação custo-benefício","homem","recreação","F","F","F","F","F","F","F","F","F","F","F","F","F","F","F","F","F","F","F","F","F","F","F","F","F","F"
"44.000000"," Péssima relação custo-benefício","homem","recreação","F","F","F","F","F","F","F","F","F","F","F","F","F","F","F","F","F","F","F","F","F","F","F","F","F","F"
"48.000000","Os atendentes do Club Floor são muito gentis e simpáticos","mulher","recreação","T","F","F","F","F","F","F","F","F","F","F","F","F","F","F","F","F","F","F","F","F","F","F","F","F","F"
"52.000000","antipatia de alguns funcionários","homem","recreação","F","F","F","F","F","F","F","F","F","F","F","F","T","F","F","F","F","F","F","F","F","F","F","F","F","F"
"56.000000"," Péssima relação custo-benefício","homem","recreação","F","F","F","F","F","F","F","F","F","F","F","F","F","F","F","F","F","F","F","F","F","F","F","F","F","F"
"60.000000","conforto das instalações. ","homem","recreação","F","F","F","F","F","F","F","F","F","F","F","F","F","F","F","F","T","F","F","F","F","F","F","F","F","F"
"64.000000","O quarto muito bom, o serviço é bastante impessoal
","homem","recreação","F","F","F","F","F","F","F","F","F","F","F","F","F","F","F","F","F","F","F","F","F","F","T","F","T","F"
"68.000000"," o funcionário é mal informado e mal treinado. O preço cobrado  é abusivo","mulher","negócio","F","F","F","F","F","F","F","F","F","F","F","F","T","F","F","F","F","F","F","F","F","F","F","F","F","F"
"72.000000","O Hotel é velho","homem","negócio","F","F","F","F","F","F","F","F","F","F","F","F","F","F","F","T","F","F","F","F","F","F","F","F","F","F"
"76.000000","comida de qualidade discutivel e repetitiva","homem","recreação","F","F","F","F","F","F","F","F","F","F","F","F","F","F","F","F","F","F","F","F","F","F","F","F","F","F"
"80.000000","Espaço do quarto, diversidade do café da manhã,qualidade dos serviços e atendimento eficaz e atencioso.","homem","recreação","F","F","F","F","T","F","F","F","F","F","F","F","F","F","F","F","F","F","F","F","F","T","T","F","T","F"
"84.000000","O atendimento no restaurante foi terrível","homem","recreação","F","F","F","F","F","F","F","F","F","F","F","F","F","F","F","F","F","F","F","F","F","F","F","F","F","F"
"88.000000","Localização privilegiada ; bom atendimento de seus funcionários","homem","negócio","F","F","F","F","F","F","F","F","F","F","F","F","F","T","F","F","F","F","F","F","F","F","F","F","F","F"
"92.000000","chuveiro quebrado","homem","recreação","F","F","F","F","F","F","F","F","F","F","F","F","F","F","F","F","F","F","F","F","F","F","F","F","F","F"
"96.000000","localização","homem","negócio","F","F","F","F","F","F","F","F","F","F","F","F","F","F","F","F","F","F","F","F","F","F","F","F","F","F"
"100.000000","Limpo, com qualidade e com excelente atendimento","homem","negócio","F","F","F","F","F","F","F","F","F","F","F","F","F","F","F","F","F","F","F","F","F","T","F","F","F","F"
"104.000000","O serviço é bastante impessoal","homem","recreação","F","F","F","F","F","F","F","F","F","F","F","F","F","F","F","F","F","F","F","F","F","F","F","F","T","F"
"108.000000","tarifa muito alta. preço exorbitante do café da manhã. Internet nao gratis","homem","recreação","F","F","F","F","T","F","F","F","F","F","F","F","F","F","F","F","F","T","F","F","F","F","F","F","F","F"
"112.000000","Não havia toalhas de banho. O elevador ","mulher","negócio","F","F","F","F","F","F","F","F","F","F","T","F","F","F","F","F","F","F","F","F","F","F","F","F","F","F"
"116.000000","o acesso à internet deveria ser livre.","mulher","negócio","F","F","F","F","F","F","F","F","F","F","F","F","F","F","F","F","F","T","F","F","F","F","F","F","F","F"
"120.000000","Cortezia. Limpeza. Disponibilidade de Internet. Acomodações muito boas.","mulher","negócio","F","F","F","F","F","F","F","F","F","T","F","F","F","F","F","F","F","T","F","F","F","F","F","F","F","F"
"124.000000","Quarto pequeno, sem internet gratuita.","mulher","negócio","F","F","F","F","F","F","F","F","F","F","F","F","F","F","F","F","F","T","F","F","F","F","T","F","F","F"
"128.000000","Qualidade das acomodações e atenção de todos os colaboradores do hotel.","mulher","negócio","F","F","F","F","F","F","F","F","F","F","F","F","F","F","F","F","F","F","F","F","F","T","F","F","F","F"
"132.000000","Quartos pequenos, sem internet gratuita.","mulher","negócio","F","F","F","F","F","F","F","F","F","F","F","F","F","F","F","F","F","T","F","F","F","F","T","F","F","F"
"136.000000","acomodações e cordialidade dos atendentes.","homem","negócio","T","F","F","F","F","F","F","F","F","F","F","F","F","F","F","F","F","F","F","F","F","F","F","F","F","F"
"140.000000","O hotel fede cigarro ","mulher","negócio","F","F","F","F","F","F","F","F","F","F","F","F","F","F","F","T","F","F","F","F","F","F","F","F","F","F"
"144.000000","Não gostei da atmosfera,  a decoração , a piscina ea localização","homem","recreação","F","F","F","F","F","F","F","F","T","F","F","F","F","F","F","F","F","F","F","F","F","F","F","F","F","F"
"148.000000","O hotel não é barato","homem","negócio","F","F","F","F","F","F","F","F","F","F","F","F","F","F","F","T","F","F","F","F","F","F","F","F","F","F"
"152.000000","Espaço exterior/piscina muito agradável","mulher","recreação","F","F","F","F","F","F","F","F","F","F","F","F","F","F","F","F","F","F","F","F","F","F","F","F","F","F"
"156.000000","O quarto tem uma decoraçao antiga, porém é amplo e confortavel","mulher","recreação","F","F","F","F","F","F","F","F","T","F","F","F","F","F","F","F","F","F","F","F","F","F","T","F","F","F"
"160.000000","O club lounge oferece internet gratuita","homem","recreação","F","F","F","F","F","F","F","F","F","F","F","F","F","F","F","F","F","T","F","F","F","F","F","F","F","F"
"164.000000","O atendimento de todos os funcionários é sempre cortêz, amável e respeitoso.","homem","recreação","F","F","F","F","F","F","F","F","F","F","F","F","F","T","F","F","F","F","F","F","F","F","F","F","F","F"
"168.000000","Internet paga nos quartos.","mulher","recreação","F","F","F","F","F","F","F","F","F","F","F","F","F","F","F","F","F","T","F","F","F","F","T","F","F","F"
"172.000000","Ficamos satisfeitos com o check-in e check-out e o serviço de room service","mulher","recreação","F","F","F","F","F","T","F","F","F","F","F","F","F","F","F","F","F","F","F","F","F","F","F","F","T","F"
"176.000000","O serviço de valet é péssimo","mulher","recreação","F","F","F","F","F","F","F","F","F","F","F","F","F","F","F","F","F","F","F","T","F","F","F","F","F","F"
"180.000000","Estacionamento paga.","homem","recreação","F","F","F","F","F","F","F","F","F","F","F","T","F","F","F","F","F","F","F","F","F","F","F","F","F","F"
"184.000000","Os travesseiros estavam com mau cheiro","homem","negócio","F","F","F","F","F","F","F","F","F","F","F","F","F","F","F","F","F","F","F","F","F","F","F","F","F","F"
"188.000000","Atendimento cordial ","homem","negócio","F","F","F","F","F","F","F","F","F","F","F","F","F","F","F","F","F","F","F","F","F","F","F","F","F","F"
"192.000000","Funcionários atentos","mulher","recreação","F","F","F","F","F","F","F","F","F","F","F","F","T","F","F","F","F","F","F","F","F","F","F","F","F","F"
"196.000000","O quarto é amplo e confortavel.","mulher","recreação","F","F","F","F","F","F","F","F","F","F","F","F","F","F","F","F","F","F","F","F","F","F","T","F","F","F"
"200.000000","Os quartos sao excelentes, amplos e limpos","homem","recreação","F","F","F","F","F","F","F","F","F","F","F","F","F","F","F","F","F","F","F","F","F","F","T","F","F","F"
"204.000000","O equipamento dos apartamentos precissam de modernizacao","homem","recreação","F","F","F","F","F","F","F","F","F","F","F","F","F","F","F","F","F","F","F","F","F","F","F","F","F","F"
"208.000000","experienca que me leva a nao recomendar o hotel","mulher","recreação","F","F","F","F","F","F","F","F","F","F","F","F","F","F","F","T","F","F","F","F","F","F","F","F","F","F"
"212.000000","O hotel  tornou-se uma extensão da nossa casa","mulher","recreação","F","F","F","F","F","F","F","F","F","F","F","F","F","F","F","T","F","F","F","F","F","F","F","F","F","F"
"216.000000","Tudo muito bom","homem","negócio","F","F","F","F","F","F","F","F","F","F","F","F","F","F","F","F","F","F","F","F","F","F","F","F","F","F"
"220.000000","Os serviços são extremamente lentos  para um hotel desse padrào","mulher","recreação","F","F","F","F","F","F","F","F","F","F","F","F","F","F","F","T","F","F","F","F","F","F","F","F","T","F"
"224.000000","O hotel conta com uma pequena sala de fitness","homem","recreação","F","F","F","F","F","F","F","F","F","F","F","F","F","F","F","T","F","F","F","F","F","F","F","F","F","F"
"228.000000","A única coisa a reclamar neste hotel é sem dúvida o tamanho do elevador","homem","recreação","F","F","F","F","F","F","F","F","F","F","T","F","F","F","F","T","F","F","F","F","F","F","F","F","F","F"
"232.000000","Não recomendo a ninguém","homem","recreação","F","F","F","F","F","F","F","F","F","F","F","F","F","F","F","F","F","F","F","F","F","F","F","F","F","F"
"236.000000","acomodações confortáveis, restaurante muito bom","homem","recreação","F","F","F","F","F","F","F","F","F","F","F","F","F","F","F","F","F","F","F","F","F","F","F","F","F","F"
"240.000000","Quartos amplos e confortáveis, muito limpos","homem","recreação","F","F","F","F","F","F","F","F","F","F","F","F","F","F","F","F","F","F","F","F","F","F","T","F","F","F"
"244.000000","Ótimo custo beneficio","homem","negócio","F","F","F","F","F","F","F","F","F","F","F","F","F","F","F","F","F","F","F","F","F","F","F","F","F","F"
"248.000000","O Hotel é bem bonito, luxuoso, a localização boa em frente ao shopping","mulher","negócio","F","F","F","F","F","F","F","F","F","F","F","F","F","F","F","T","F","F","F","F","F","F","F","F","F","F"
"252.000000","As instalações impecáveis","mulher","negócio","F","F","F","F","F","F","F","F","F","F","F","F","F","F","F","F","T","F","F","F","F","F","F","F","F","F"
"256.000000","funcionários muito bem treinados e solícitos","mulher","negócio","F","F","F","F","F","F","F","F","F","F","F","F","T","F","F","F","F","F","F","F","F","F","F","F","F","F"
"260.000000","não tivemos problemas com funcionamento.","mulher","negócio","F","F","F","F","F","F","F","F","F","F","F","F","F","F","F","F","F","F","F","F","F","F","F","F","F","F"
"264.000000","Atendimento de primeira qualidade","mulher","negócio","F","F","F","F","F","F","F","F","F","F","F","F","F","F","F","F","F","F","F","F","F","T","F","F","F","F"
"268.000000","a cama é confortável. Café da manhã bom. Localização muito boa.","mulher","negócio","F","F","F","F","T","F","F","F","F","F","F","F","F","F","F","F","F","F","F","F","F","F","F","F","F","F"
"272.000000","Experiencia ruim","mulher","negócio","F","F","F","F","F","F","F","F","F","F","F","F","F","F","F","F","F","F","F","F","F","F","F","F","F","F"
"276.000000","Hotel antigo, deteriorado. Quarto estreito","mulher","negócio","F","F","F","F","F","F","F","F","F","F","F","F","F","F","F","T","F","F","F","F","F","F","T","F","F","F"
"280.000000","Lamentável que um hotel situado em um dos melhores pontos de Vitória esteja sendo tão mal cuidado.","mulher","negócio","F","F","F","T","F","F","F","F","F","F","F","F","F","F","F","T","F","F","F","F","F","F","F","F","F","F"
"284.000000","O ar condicionado não esfriava direito.","mulher","recreação","F","F","F","F","F","F","F","F","F","F","F","F","F","F","F","F","F","F","F","F","F","F","F","F","F","F"
"288.000000","Atendimento rápido e eficiente","mulher","recreação","F","F","F","F","F","F","F","F","F","F","F","F","F","F","F","F","F","F","F","F","F","F","F","F","F","F"
"292.000000","A cordialidade do serviço e a limpeza e conforto dos quartos","mulher","recreação","F","F","F","F","F","F","F","F","F","F","F","F","F","F","F","F","F","F","F","F","F","F","T","F","T","F"
"296.000000","Instalações de praia e piscina excelentes.","mulher","recreação","F","F","F","F","F","F","F","F","F","F","F","F","F","F","F","F","T","F","F","F","F","F","F","F","F","F"
"300.000000","Bom atendimento. Excelente área e localização do hotel.","mulher","recreação","F","F","F","F","F","F","F","F","F","F","F","F","F","F","F","T","F","F","F","F","F","F","F","F","F","F"
"304.000000","o ajudante de recepção nos atendeu muito bem","mulher","recreação","F","F","F","F","F","F","F","F","F","F","F","F","F","F","F","F","F","F","F","F","F","F","F","F","F","F"
"308.000000","Cordialidade e interação com os funcionários foi perfeita","homem","recreação","F","F","F","F","F","F","F","F","F","F","F","F","T","F","F","F","F","F","F","F","F","F","F","F","F","F"
"312.000000","Excelente atendimento, prontod a responder","homem","negócio","F","F","F","F","F","F","F","F","F","F","F","F","F","F","F","F","F","F","F","F","F","F","F","F","F","F"
"316.000000","foi simplesmente excepcional","homem","recreação","F","F","F","F","F","F","F","F","F","F","F","F","F","F","F","F","F","F","F","F","F","F","F","F","F","F"
"320.000000","os quartos deliciosos e limpissimos","homem","recreação","F","F","F","F","F","F","F","F","F","F","F","F","F","F","F","F","F","F","F","F","F","F","T","F","F","F"
"324.000000","Agua da banheira pouco quente.","homem","negócio","F","T","F","F","F","F","F","F","F","F","F","F","F","F","F","F","F","F","F","F","F","F","F","F","F","F"
"328.000000","Praia do hotel excelente","homem","negócio","F","F","F","F","F","F","F","F","F","F","F","F","F","F","F","F","F","F","F","F","F","F","F","F","F","F"
"332.000000","Limpesa, eficiencia na recepção, boa localização","homem","recreação","F","F","F","F","F","F","F","F","F","F","F","F","F","F","F","F","F","F","F","F","F","F","F","T","F","F"
"336.000000","Manutenção e acabamento dos quartos e área de lazer deixaram a desejar","homem","recreação","F","F","F","F","F","F","F","F","F","F","F","F","F","F","F","F","F","F","T","F","F","F","T","F","F","F"
"340.000000","preço exorbitante do café da manhã","homem","recreação","F","F","F","F","T","F","F","F","F","F","F","F","F","F","F","F","F","F","F","F","F","F","F","F","F","F"
"344.000000","café da manhã maravilhoso","homem","recreação","F","F","F","F","T","F","F","F","F","F","F","F","F","F","F","F","F","F","F","F","F","F","F","F","F","F"
"348.000000","Todos os funcionários foram atenciosos","mulher","negócio","F","F","F","F","F","F","F","F","F","F","F","F","T","F","F","F","F","F","F","F","F","F","F","F","F","F"
"352.000000","Nada a reclamar","mulher","recreação","F","F","F","F","F","F","F","F","F","F","F","F","F","F","F","F","F","F","F","F","F","F","F","F","F","F"
"356.000000","Nada a reclamar","mulher","negócio","F","F","F","F","F","F","F","F","F","F","F","F","F","F","F","F","F","F","F","F","F","F","F","F","F","F"
"360.000000","a extrema simpatia do staff","mulher","negócio","F","F","F","F","F","F","F","F","F","F","F","F","F","F","F","F","F","F","F","F","T","F","F","F","F","F"
"364.000000","carpet sujo com manchas","mulher","recreação","F","F","F","F","F","F","F","F","F","F","F","F","F","F","F","F","F","F","F","F","F","F","F","F","F","F"
"368.000000","Serviço excepcional","mulher","recreação","F","F","F","F","F","F","F","F","F","F","F","F","F","F","F","F","F","F","F","F","F","F","F","F","T","F"
"372.000000","upgrade de cortesia","mulher","negócio","F","F","F","F","F","F","F","F","F","F","F","F","F","F","F","F","F","F","F","F","F","F","F","F","F","F"
"376.000000","Serviço muito atencioso","mulher","negócio","F","F","F","F","F","F","F","F","F","F","F","F","F","F","F","F","F","F","F","F","F","F","F","F","T","F"
"380.000000","Serviço muito atencioso","homem","negócio","F","F","F","F","F","F","F","F","F","F","F","F","F","F","F","F","F","F","F","F","F","F","F","F","T","F"
"384.000000","cama muito confortavel","mulher","negócio","F","F","F","F","F","F","F","F","F","F","F","F","F","F","F","F","F","F","F","F","F","F","F","F","F","F"
"388.000000","vista maravilhosa","mulher","negócio","F","F","F","F","F","F","F","F","F","F","F","F","F","F","F","F","F","F","F","F","F","F","F","F","F","F"
"392.000000","os quartos necessitam de modernização","mulher","negócio","F","F","F","F","F","F","F","F","F","F","F","F","F","F","F","F","F","F","F","F","F","F","T","F","F","F"
"396.000000","cordialidade dos atendentes","mulher","negócio","T","F","F","F","F","F","F","F","F","F","F","F","F","F","F","F","F","F","F","F","F","F","F","F","F","F"
"400.000000","O serviço é péssimo","mulher","negócio","F","F","F","F","F","F","F","F","F","F","F","F","F","F","F","F","F","F","F","F","F","F","F","F","T","F"
"404.000000","janela minúscula","mulher","negócio","F","F","F","F","F","F","F","F","F","F","F","F","F","F","F","F","F","F","F","F","F","F","F","F","F","F"
"408.000000","Staff muito simpático e prestável","mulher","recreação","F","F","F","F","F","F","F","F","F","F","F","F","F","F","F","F","F","F","F","F","T","F","F","F","F","F"
"412.000000","Quarto muito grande e confortável","mulher","recreação","F","F","F","F","F","F","F","F","F","F","F","F","F","F","F","F","F","F","F","F","F","F","T","F","F","F"
"416.000000","serviço atencioso e boa qualidade do restaurante","homem","recreação","F","F","F","F","F","F","F","F","F","F","F","F","F","F","F","F","F","F","F","F","F","T","F","F","T","F"
"420.000000","Serviço impecável","homem","recreação","F","F","F","F","F","F","F","F","F","F","F","F","F","F","F","F","F","F","F","F","F","F","F","F","T","F"
"424.000000","Não recomendo a ninguém","mulher","recreação","F","F","F","F","F","F","F","F","F","F","F","F","F","F","F","F","F","F","F","F","F","F","F","F","F","F"
"428.000000","acomodações confortáveis, restaurante muito bom","mulher","recreação","F","F","F","F","F","F","F","F","F","F","F","F","F","F","F","F","F","F","F","F","F","F","F","F","F","F"
"432.000000","Quartos amplos e confortáveis, muito limpos","homem","recreação","F","F","F","F","F","F","F","F","F","F","F","F","F","F","F","F","F","F","F","F","F","F","T","F","F","F"
"436.000000","Ótimo custo beneficio","homem","recreação","F","F","F","F","F","F","F","F","F","F","F","F","F","F","F","F","F","F","F","F","F","F","F","F","F","F"
"440.000000","O Hotel é bem bonito, luxuoso, a localização boa em frente ao shopping","homem","negócio","F","F","F","F","F","F","F","F","F","F","F","F","F","F","F","T","F","F","F","F","F","F","F","F","F","F"
"444.000000","As instalações impecáveis","homem","negócio","F","F","F","F","F","F","F","F","F","F","F","F","F","F","F","F","T","F","F","F","F","F","F","F","F","F"
"448.000000","funcionários muito bem treinados e solícitos","homem","negócio","F","F","F","F","F","F","F","F","F","F","F","F","T","F","F","F","F","F","F","F","F","F","F","F","F","F"
"452.000000","não tivemos problemas com funcionamento.","homem","negócio","F","F","F","F","F","F","F","F","F","F","F","F","F","F","F","F","F","F","F","F","F","F","F","F","F","F"
"456.000000","Atendimento de primeira qualidade","mulher","negócio","F","F","F","F","F","F","F","F","F","F","F","F","F","F","F","F","F","F","F","F","F","T","F","F","F","F"
"460.000000","a cama é confortável. Café da manhã bom. Localização muito boa.","homem","negócio","F","F","F","F","T","F","F","F","F","F","F","F","F","F","F","F","F","F","F","F","F","F","F","F","F","F"
"464.000000","Experiencia ruim","homem","negócio","F","F","F","F","F","F","F","F","F","F","F","F","F","F","F","F","F","F","F","F","F","F","F","F","F","F"
"468.000000","Hotel antigo, deteriorado. Quarto estreito","homem","negócio","F","F","F","F","F","F","F","F","F","F","F","F","F","F","F","T","F","F","F","F","F","F","T","F","F","F"
"472.000000","Lamentável que um hotel situado em um dos melhores pontos de Vitória esteja sendo tão mal cuidado.","mulher","recreação","F","F","F","T","F","F","F","F","F","F","F","F","F","F","F","T","F","F","F","F","F","F","F","F","F","F"
"476.000000","O ar condicionado não esfriava direito.","mulher","recreação","F","F","F","F","F","F","F","F","F","F","F","F","F","F","F","F","F","F","F","F","F","F","F","F","F","F"
"480.000000","Atendimento rápido e eficiente","mulher","recreação","F","F","F","F","F","F","F","F","F","F","F","F","F","F","F","F","F","F","F","F","F","F","F","F","F","F"
"484.000000","A cordialidade do serviço e a limpeza e conforto dos quartos","homem","recreação","F","F","F","F","F","F","F","F","F","F","F","F","F","F","F","F","F","F","F","F","F","F","T","F","T","F"
"488.000000","Instalações de praia e piscina excelentes.","homem","recreação","F","F","F","F","F","F","F","F","F","F","F","F","F","F","F","F","T","F","F","F","F","F","F","F","F","F"
"492.000000","Bom atendimento. Excelente área e localização do hotel.","homem","negócio","F","F","F","F","F","F","F","F","F","F","F","F","F","F","F","T","F","F","F","F","F","F","F","F","F","F"
"496.000000","o ajudante de recepção nos atendeu muito bem","homem","negócio","F","F","F","F","F","F","F","F","F","F","F","F","F","F","F","F","F","F","F","F","F","F","F","F","F","F"
"500.000000","manutenção das infra-estruturas deficiente","mulher","negócio","F","F","F","F","F","F","F","F","F","F","F","F","F","F","F","F","F","F","T","F","F","F","F","F","F","F"
"3.000000","Qualidade do servico foi excelente! Temos 2 filhas e fomos muito bem recebidos e tratados. Recomendaria fortemente para outras familias se hospedarem neste hotel. Todos adoramos a experiencia!","mulher","negócio","F","F","F","F","F","F","F","F","F","F","F","F","F","F","F","T","F","F","F","F","F","T","F","F","T","F"
"7.000000","Quarto muito amplo e bom","mulher","negócio","F","F","F","F","F","F","F","F","F","F","F","F","F","F","F","F","F","F","F","F","F","F","T","F","F","F"
"11.000000","O quarto era muito pequeno e apertado","mulher","negócio","F","F","F","F","F","F","F","F","F","F","F","F","F","F","F","F","F","F","F","F","F","F","T","F","F","F"
"15.000000","Atendimento  não foi como esperado.","mulher","negócio","F","F","F","F","F","F","F","F","F","F","F","F","F","F","F","F","F","F","F","F","F","F","F","F","F","F"
"19.000000","A cortesia das pessoas, excluindo o pessoal de parking de carros","homem","negócio","F","F","F","F","F","F","F","F","F","F","F","F","F","F","F","F","F","F","F","F","T","F","F","F","F","F"
"23.000000","Cama muito estreita. Bom localizaçao","mulher","negócio","F","F","F","F","F","F","F","F","F","F","F","F","F","F","F","F","F","F","F","F","F","F","F","F","F","F"
"27.000000"," TV complicada de utilizar","mulher","recreação","F","F","F","F","F","F","T","F","F","F","F","F","F","F","F","F","F","F","F","F","F","F","F","F","F","F"
"31.000000","Ausencia de Internet wi-fi gratis","homem","recreação","F","F","F","F","F","F","F","F","F","F","F","F","F","F","F","F","F","T","F","F","F","F","F","F","F","F"
"35.000000","os quartos necessitam de modernização.","homem","negócio","F","F","F","F","F","F","F","F","F","F","F","F","F","F","F","F","F","F","F","F","F","F","T","F","F","F"
"39.000000","o custo benefício não vale a pena!","mulher","recreação","F","F","F","F","F","F","F","F","F","F","F","F","F","F","F","F","F","F","F","F","F","F","F","F","F","F"
"43.000000","Preço extorsivo","mulher","recreação","F","F","F","F","F","F","F","F","F","F","F","F","F","F","F","F","F","F","F","F","F","F","F","F","F","F"
"47.000000","Muito bom.  é sempre um prazer rotornar! ","mulher","recreação","F","F","F","F","F","F","F","F","F","F","F","F","F","F","F","F","F","F","F","F","F","F","F","F","F","F"
"51.000000"," Péssima relação custo-benefício","mulher","recreação","F","F","F","F","F","F","F","F","F","F","F","F","F","F","F","F","F","F","F","F","F","F","F","F","F","F"
"55.000000","Muita lentidão no atendimento na recepção","homem","negócio","F","F","F","F","F","F","F","F","F","F","F","F","F","F","F","F","F","F","F","F","F","F","F","T","F","F"
"59.000000","conforto das instalações","homem","negócio","F","F","F","F","F","F","F","F","F","F","F","F","F","F","F","F","T","F","F","F","F","F","F","F","F","F"
"63.000000"," ambiente totalmente confortável ","mulher","negócio","F","F","F","F","F","F","F","F","F","F","F","F","F","F","F","F","F","F","F","F","F","F","F","F","F","F"
"67.000000","o hotel tem instalação modernas e muito confortáveis","mulher","negócio","F","F","F","F","F","F","F","F","F","F","F","F","F","F","F","T","T","F","F","F","F","F","F","F","F","F"
"71.000000","secador de cabelo não funcionava, comida de qualidade discutivel e repetitiva","mulher","recreação","F","F","F","F","F","F","F","F","F","F","F","F","F","F","F","F","F","F","F","F","F","F","F","F","F","F"
"75.000000","O preço cobrado  é abusivo","homem","recreação","F","F","F","F","F","F","F","F","F","F","F","F","F","F","F","F","F","F","F","F","F","F","F","F","F","F"
"79.000000","O atendimento foi muito eficiente e sempre com muito boa vontade. As pessoas sempre atenderam demonstrando alegria.","mulher","recreação","F","F","F","F","F","F","F","F","F","F","F","F","F","F","F","F","F","F","F","F","T","F","F","F","F","F"
"83.000000","Ótimas instalações.","homem","recreação","F","F","F","F","F","F","F","F","F","F","F","F","F","F","F","F","T","F","F","F","F","F","F","F","F","F"
"87.000000","Funcionários em geral muito qualificados, atenciosos e muito educados.","mulher","recreação","F","F","F","F","F","F","F","F","F","F","F","F","T","F","F","F","F","F","F","F","F","F","F","F","F","F"
"91.000000","O atendimento foi terrível.","mulher","negócio","F","F","F","F","F","F","F","F","F","F","F","F","F","F","F","F","F","F","F","F","F","F","F","F","F","F"
"95.000000","O atendimento foi terrivel.","homem","negócio","F","F","F","F","F","F","F","F","F","F","F","F","F","F","F","F","F","F","F","F","F","F","F","F","F","F"
"99.000000","manutenção de alguns equipamentos & quartos","mulher","negócio","F","F","F","F","F","F","F","F","F","F","F","F","F","F","F","F","F","F","T","F","F","F","T","F","F","F"
"103.000000","No atendimento e limpeza","mulher","recreação","F","F","F","F","F","F","F","F","F","F","F","F","F","F","F","F","F","F","F","F","F","F","F","F","F","F"
"107.000000","Preco exorbitante","homem","recreação","F","F","F","F","F","F","F","F","F","F","F","F","F","F","F","F","F","F","F","F","F","F","F","F","F","F"
"111.000000","não há qualquer privilégio no acesso ao night club do hotel.","homem","negócio","F","F","F","F","F","F","F","F","F","F","F","F","F","F","F","F","F","F","F","F","F","F","F","F","F","F"
"115.000000","excelente!!!!!!!!!!!!!!!!!!!!!!!!","mulher","negócio","F","F","F","F","F","F","F","F","F","F","F","F","F","F","F","F","F","F","F","F","F","F","F","F","F","F"
"119.000000"," internet impoissível. Não jornais.","homem","negócio","F","F","F","F","F","F","F","F","F","F","F","F","F","F","F","F","F","T","F","F","F","F","F","F","F","F"
"123.000000","O cafe da manha nao era bom, nao havia wireless nos apartamentos","mulher","recreação","F","F","F","F","T","F","F","F","F","F","F","F","F","F","F","F","F","F","F","F","F","F","F","F","F","F"
"127.000000","O club lounge oferece internet gratuita","homem","recreação","F","F","F","F","F","F","F","F","F","F","F","F","F","F","F","F","F","T","F","F","F","F","F","F","F","F"
"131.000000","Bom quarto, funcionarios atenciosos","homem","recreação","F","F","F","F","F","F","F","F","F","F","F","F","T","F","F","F","F","F","F","F","F","F","T","F","F","F"
"135.000000","cama pequena, sem internet gratuita.","mulher","negócio","F","F","F","F","F","F","F","F","F","F","F","F","F","F","F","F","F","T","F","F","F","F","F","F","F","F"
"139.000000","Quarto é pequeno para o que se espera de um hotel 5*. Internet paga nos quartos. Ausencia de estacionamento privativo","mulher","negócio","F","F","F","F","F","F","F","F","F","F","F","T","F","F","F","T","F","T","F","F","F","F","T","F","F","F"
"143.000000","Gostei da atmosfera, a hospitalidade, a comida, a decoração, a piscina ea localização","homem","recreação","F","F","F","F","F","F","F","F","T","F","F","F","F","F","F","F","F","F","F","F","F","F","F","F","F","F"
"147.000000","pessoal não  cordial","homem","negócio","F","F","F","F","F","F","F","F","F","F","F","F","F","F","F","F","F","F","F","F","T","F","F","F","F","F"
"151.000000","cama não desconfortável","homem","negócio","F","F","F","F","F","F","F","F","F","F","F","F","F","F","F","F","F","F","F","F","F","F","F","F","F","F"
"155.000000","hotel e restaurante ok","homem","negócio","F","F","F","F","F","F","F","F","F","F","F","F","F","F","F","T","F","F","F","F","F","F","F","F","F","F"
"159.000000","O club lounge oferece internet gratuita e uma estaçao de trabalho","homem","recreação","F","F","F","F","F","F","F","F","F","F","F","F","F","F","F","F","F","T","F","F","F","F","F","F","F","T"
"163.000000","O ambiente é nuito agradável","mulher","recreação","F","F","F","F","F","F","F","F","F","F","F","F","F","F","F","F","F","F","F","F","F","F","F","F","F","F"
"167.000000","Quarto é pequeno para o que se espera de um hotel 5*","homem","recreação","F","F","F","F","F","F","F","F","F","F","F","F","F","F","F","T","F","F","F","F","F","F","T","F","F","F"
"171.000000","O atendimento não foi condizente com um hotel 5 estrelas. ","mulher","negócio","F","F","F","F","F","F","F","F","F","F","F","F","F","F","F","T","F","F","F","F","F","F","F","F","F","F"
"175.000000","O quarto deveria estar mais limpo. ","mulher","recreação","F","F","F","F","F","F","F","F","F","F","F","F","F","F","F","F","F","F","F","F","F","F","T","F","F","F"
"179.000000","Havia manchas no chão do quarto.","mulher","negócio","F","F","F","F","F","F","F","F","F","F","F","F","F","F","F","F","F","F","F","F","F","F","T","F","F","F"
"183.000000","O quarto estava umido","homem","recreação","F","F","F","F","F","F","F","F","F","F","F","F","F","F","F","F","F","F","F","F","F","F","T","F","F","F"
"187.000000","A cordialidade do serviço e a limpeza e conforto das instalações","mulher","recreação","F","F","F","F","F","F","F","F","F","F","F","F","F","F","F","F","T","F","F","F","F","F","F","F","T","F"
"191.000000","quarto muito arejado e limpo","mulher","negócio","F","F","F","F","F","F","F","F","F","F","F","F","F","F","F","F","F","F","F","F","F","F","T","F","F","F"
"195.000000","Decoração de interiores muito fraca e sombria","mulher","recreação","F","F","F","F","F","F","F","F","T","F","F","F","F","F","F","F","F","F","F","F","F","F","F","F","F","F"
"199.000000","O atendimento é realmente muito bom","homem","recreação","F","F","F","F","F","F","F","F","F","F","F","F","F","F","F","F","F","F","F","F","F","F","F","F","F","F"
"203.000000","os quartos necessitam de modernização.","homem","negócio","F","F","F","F","F","F","F","F","F","F","F","F","F","F","F","F","F","F","F","F","F","F","T","F","F","F"
"207.000000","Uma experiencia a não repetir","mulher","recreação","F","F","F","F","F","F","F","F","F","F","F","F","F","F","F","F","F","F","F","F","F","F","F","F","F","F"
"211.000000","Excelente. Nada a reclamar.","mulher","recreação","F","F","F","F","F","F","F","F","F","F","F","F","F","F","F","F","F","F","F","F","F","F","F","F","F","F"
"215.000000","O hotele é sempre um prazer rotornar!","mulher","recreação","F","F","F","F","F","F","F","F","F","F","F","F","F","F","F","F","F","F","F","F","F","F","F","F","F","F"
"219.000000","processo de check in e check out muito lento.","mulher","recreação","F","F","F","F","F","T","F","F","F","F","F","F","F","F","F","F","F","F","F","F","F","F","F","F","F","F"
"223.000000","O quarto era espaçoso, o banheiro não tinha banheira , mas o tamanho era razoável.","homem","negócio","F","T","T","F","F","F","F","F","F","F","F","F","F","F","F","F","F","F","F","F","F","F","T","F","F","F"
"227.000000","as tvs eram uma piada","homem","negócio","F","F","F","F","F","F","F","F","F","F","F","F","F","F","F","F","F","F","F","F","F","F","F","F","F","F"
"231.000000","quarto pequeno e com instalações antigas","homem","negócio","F","F","F","F","F","F","F","F","F","F","F","F","F","F","F","F","T","F","F","F","F","F","T","F","F","F"
"235.000000","Excelente Hotel, ótima localização, atendimento extremamente cordial e eficiente","homem","negócio","F","F","F","F","F","F","F","F","F","F","F","F","F","F","F","T","F","F","F","F","F","F","F","F","F","F"
"239.000000","o café da manhã é sofrível","homem","negócio","F","F","F","F","T","F","F","F","F","F","F","F","F","F","F","F","F","F","F","F","F","F","F","F","F","F"
"243.000000","Café da manhã bem diversificado e funcionários atenciosos","homem","recreação","F","F","F","T","T","F","F","F","F","F","F","F","T","F","F","F","F","F","F","F","F","F","F","F","F","F"
"247.000000","Barulho e Água Fria!","homem","recreação","F","F","F","F","F","F","F","F","F","F","F","F","F","F","F","F","F","F","F","F","F","F","F","F","F","F"
"251.000000","parking free, cafe da manha incluido, quarto bom e localização","mulher","recreação","F","F","F","F","T","F","F","F","F","F","F","F","F","F","F","F","F","F","F","T","F","F","T","F","F","F"
"255.000000","Quando voltar á Paris certamente irei ficas neste hotel","mulher","recreação","F","F","F","F","F","F","F","F","F","F","F","F","F","F","F","T","F","F","F","F","F","F","F","F","F","F"
"259.000000","Trata-se de um hotel muito bem localizado","mulher","recreação","F","F","F","T","F","F","F","F","F","F","F","F","F","F","F","T","F","F","F","F","F","F","F","F","F","F"
"263.000000","ar condicionado que faz muito barulho","mulher","recreação","F","F","F","F","F","F","F","F","F","F","F","F","F","F","F","F","F","F","F","F","F","F","F","F","F","F"
"267.000000","Por diversas vezes liguei reclamando do cheiro de cigarro.","mulher","recreação","F","F","F","F","F","F","F","F","F","F","F","F","F","F","F","F","F","F","F","F","F","F","F","F","F","F"
"271.000000","O hotel conta com uma estrutura ótima.","mulher","recreação","F","F","F","F","F","F","F","F","F","F","F","F","F","F","F","T","F","F","F","F","F","F","F","F","F","F"
"275.000000","cheira mofo","mulher","recreação","F","F","F","F","F","F","F","F","F","F","F","F","F","F","F","F","F","F","F","F","F","F","F","F","F","F"
"279.000000","E fora que um dia faltou água no quarto","mulher","recreação","F","F","F","F","F","F","F","F","F","F","F","F","F","F","F","F","F","F","F","F","F","F","T","F","F","F"
"283.000000","O frigobar não foi reposto diariamente.","mulher","recreação","F","F","F","F","F","F","F","F","F","F","F","F","F","F","F","F","F","F","F","F","F","F","F","F","F","F"
"287.000000","Cobranca de despesas extras nao consumida","mulher","recreação","F","F","F","F","F","F","F","F","F","F","F","F","F","F","F","F","F","F","F","F","F","F","F","F","F","F"
"291.000000","quartos confortáveis. Bom estacionamento","mulher","recreação","F","F","F","F","F","F","F","F","F","F","F","T","F","F","F","F","F","F","F","F","F","F","T","F","F","F"
"295.000000","Atendimento cordial,quarto muito arejado e limpo,  piscina excelente.","mulher","recreação","F","F","F","F","F","F","F","F","F","F","F","F","F","F","F","F","F","F","F","F","F","F","T","F","F","F"
"299.000000","Bom quarto, funcionarios atenciosos","mulher","recreação","F","F","F","F","F","F","F","F","F","F","F","F","T","F","F","F","F","F","F","F","F","F","T","F","F","F"
"303.000000","o acesso à internet deveria ser livre.","mulher","recreação","F","F","F","F","F","F","F","F","F","F","F","F","F","F","F","F","F","T","F","F","F","F","F","F","F","F"
"307.000000","Conforto do quarto","mulher","recreação","F","F","F","F","F","F","F","F","F","F","F","F","F","F","F","F","F","F","F","F","F","F","T","F","F","F"
"311.000000","O staff é muito gentil","mulher","recreação","F","F","F","F","F","F","F","F","F","F","F","F","F","F","F","F","F","F","F","F","T","F","F","F","F","F"
"315.000000","O Hotel é moderníssimo, muito confortável","mulher","recreação","F","F","F","F","F","F","F","F","F","F","F","F","F","F","F","T","F","F","F","F","F","F","F","F","F","F"
"319.000000","café da manhã excelente","mulher","recreação","F","F","F","F","T","F","F","F","F","F","F","F","F","F","F","F","F","F","F","F","F","F","F","F","F","F"
"323.000000","Hotel bem localizado.","mulher","recreação","F","F","F","T","F","F","F","F","F","F","F","F","F","F","F","T","F","F","F","F","F","F","F","F","F","F"
"327.000000","Espaço exterior/piscina muito agradável","mulher","recreação","F","F","F","F","F","F","F","F","F","F","F","F","F","F","F","F","F","F","F","F","F","F","F","F","F","F"
"331.000000","Limpesa, eficiencia na recepção, boa localização","mulher","recreação","F","F","F","F","F","F","F","F","F","F","F","F","F","F","F","F","F","F","F","F","F","F","F","T","F","F"
"335.000000","Internet nos quartos gratuita","mulher","negócio","F","F","F","F","F","F","F","F","F","F","F","F","F","F","F","F","F","T","F","F","F","F","T","F","F","F"
"339.000000","preço exorbitante do café da manhã","mulher","negócio","F","F","F","F","T","F","F","F","F","F","F","F","F","F","F","F","F","F","F","F","F","F","F","F","F","F"
"343.000000","quarto confortável e bonito, café da manhã maravilhoso","mulher","recreação","F","F","F","F","T","F","F","F","F","F","F","F","F","F","F","F","F","F","F","F","F","F","T","F","F","F"
"347.000000","Todos os funcionários foram extremamente atenciosos","mulher","recreação","F","F","F","F","F","F","F","F","F","F","F","F","T","F","F","F","F","F","F","F","F","F","F","F","F","F"
"351.000000","Tudo perfeito","mulher","negócio","F","F","F","F","F","F","F","F","F","F","F","F","F","F","F","F","F","F","F","F","F","F","F","F","F","F"
"355.000000","Nada a reclamar","homem","recreação","F","F","F","F","F","F","F","F","F","F","F","F","F","F","F","F","F","F","F","F","F","F","F","F","F","F"
"359.000000","nas espectaculares condiçoes da suite","homem","recreação","F","F","F","F","F","F","F","F","F","F","F","F","F","F","F","F","F","F","F","F","F","F","F","F","F","F"
"363.000000","o carpet do meu quarto estava em mas condicoes","homem","negócio","F","F","F","F","F","F","F","F","F","F","F","F","F","F","F","F","F","F","F","F","F","F","T","F","F","F"
"367.000000","O equipamento dos apartamentos precissam de modernizacao","homem","negócio","F","F","F","F","F","F","F","F","F","F","F","F","F","F","F","F","F","F","F","F","F","F","F","F","F","F"
"371.000000","Serviço excepcional","homem","recreação","F","F","F","F","F","F","F","F","F","F","F","F","F","F","F","F","F","F","F","F","F","F","F","F","T","F"
"375.000000","eficiência no chack out","mulher","recreação","F","F","F","F","F","F","F","F","F","F","F","F","F","F","F","F","F","F","F","F","F","F","F","F","F","F"
"379.000000","atendimento do Lounge não foi como esperado","mulher","recreação","F","F","F","F","F","F","F","F","F","F","F","F","F","F","F","F","F","F","F","F","F","F","F","F","F","F"
"383.000000","cama muito confortavel","homem","recreação","F","F","F","F","F","F","F","F","F","F","F","F","F","F","F","F","F","F","F","F","F","F","F","F","F","F"
"387.000000","uma vista maravilhosa","homem","recreação","F","F","F","F","F","F","F","F","F","F","F","F","F","F","F","F","F","F","F","F","F","F","F","F","F","F"
"391.000000","execelentes condições de hospedagem","homem","recreação","F","F","F","F","F","F","F","F","F","F","F","F","F","F","T","F","F","F","F","F","F","F","F","F","F","F"
"395.000000","cordialidade dos atendentes","homem","recreação","T","F","F","F","F","F","F","F","F","F","F","F","F","F","F","F","F","F","F","F","F","F","F","F","F","F"
"399.000000","O serviço é bastante impessoal","homem","recreação","F","F","F","F","F","F","F","F","F","F","F","F","F","F","F","F","F","F","F","F","F","F","F","F","T","F"
"403.000000","O quarto estava bem localizado","homem","recreação","F","F","F","T","F","F","F","F","F","F","F","F","F","F","F","F","F","F","F","F","F","F","T","F","F","F"
"407.000000","processo de check in e check out muito lento","homem","recreação","F","F","F","F","F","T","F","F","F","F","F","F","F","F","F","F","F","F","F","F","F","F","F","F","F","F"
"411.000000","Rapidez no atendimento na recepção","homem","recreação","F","F","F","F","F","F","F","F","F","F","F","F","F","F","F","F","F","F","F","F","F","F","F","T","F","F"
"415.000000","serviço atencioso e boa qualidade do restaurante","mulher","recreação","F","F","F","F","F","F","F","F","F","F","F","F","F","F","F","F","F","F","F","F","F","T","F","F","T","F"
"419.000000","Senti-me confortável","mulher","recreação","F","F","F","F","F","F","F","F","F","F","F","F","F","F","F","F","F","F","F","F","F","F","F","F","F","F"
"423.000000","quarto pequeno e com instalações antigas","homem","recreação","F","F","F","F","F","F","F","F","F","F","F","F","F","F","F","F","T","F","F","F","F","F","T","F","F","F"
"427.000000","Excelente Hotel, ótima localização, atendimento extremamente cordial e eficiente","homem","recreação","F","F","F","F","F","F","F","F","F","F","F","F","F","F","F","T","F","F","F","F","F","F","F","F","F","F"
"431.000000","o café da manhã é sofrível","homem","recreação","F","F","F","F","T","F","F","F","F","F","F","F","F","F","F","F","F","F","F","F","F","F","F","F","F","F"
"435.000000","Café da manhã bem diversificado e funcionários atenciosos","mulher","negócio","F","F","F","T","T","F","F","F","F","F","F","F","T","F","F","F","F","F","F","F","F","F","F","F","F","F"
"439.000000","Barulho e Água Fria!","mulher","negócio","F","F","F","F","F","F","F","F","F","F","F","F","F","F","F","F","F","F","F","F","F","F","F","F","F","F"
"443.000000","parking free, cafe da manha incluido, quarto bom e localização","mulher","recreação","F","F","F","F","T","F","F","F","F","F","F","F","F","F","F","F","F","F","F","T","F","F","T","F","F","F"
"447.000000","Quando voltar á Paris certamente irei ficas neste hotel","mulher","recreação","F","F","F","F","F","F","F","F","F","F","F","F","F","F","F","T","F","F","F","F","F","F","F","F","F","F"
"451.000000","Trata-se de um hotel muito bem localizado","mulher","recreação","F","F","F","T","F","F","F","F","F","F","F","F","F","F","F","T","F","F","F","F","F","F","F","F","F","F"
"455.000000","ar condicionado que faz muito barulho","homem","recreação","F","F","F","F","F","F","F","F","F","F","F","F","F","F","F","F","F","F","F","F","F","F","F","F","F","F"
"459.000000","Por diversas vezes liguei reclamando do cheiro de cigarro.","homem","recreação","F","F","F","F","F","F","F","F","F","F","F","F","F","F","F","F","F","F","F","F","F","F","F","F","F","F"
"463.000000","O hotel conta com uma estrutura ótima.","mulher","recreação","F","F","F","F","F","F","F","F","F","F","F","F","F","F","F","T","F","F","F","F","F","F","F","F","F","F"
"467.000000","cheira mofo","mulher","recreação","F","F","F","F","F","F","F","F","F","F","F","F","F","F","F","F","F","F","F","F","F","F","F","F","F","F"
"471.000000","E fora que um dia faltou água no quarto","homem","negócio","F","F","F","F","F","F","F","F","F","F","F","F","F","F","F","F","F","F","F","F","F","F","T","F","F","F"
"475.000000","O frigobar não foi reposto diariamente.","homem","negócio","F","F","F","F","F","F","F","F","F","F","F","F","F","F","F","F","F","F","F","F","F","F","F","F","F","F"
"479.000000","Cobranca de despesas extras nao consumida","homem","negócio","F","F","F","F","F","F","F","F","F","F","F","F","F","F","F","F","F","F","F","F","F","F","F","F","F","F"
"483.000000","quartos confortáveis. Bom estacionamento","mulher","negócio","F","F","F","F","F","F","F","F","F","F","F","T","F","F","F","F","F","F","F","F","F","F","T","F","F","F"
"487.000000","Atendimento cordial,quarto muito arejado e limpo,  piscina excelente.","homem","negócio","F","F","F","F","F","F","F","F","F","F","F","F","F","F","F","F","F","F","F","F","F","F","T","F","F","F"
"491.000000","Bom quarto, funcionarios atenciosos","mulher","recreação","F","F","F","F","F","F","F","F","F","F","F","F","T","F","F","F","F","F","F","F","F","F","T","F","F","F"
"495.000000","o acesso à internet deveria ser livre.","mulher","recreação","F","F","F","F","F","F","F","F","F","F","F","F","F","F","F","F","F","T","F","F","F","F","F","F","F","F"
"499.000000","Conforto do quarto. Pessoal bem treinado","homem","recreação","F","F","F","F","F","F","F","F","F","F","F","F","F","F","F","F","F","F","F","F","T","F","T","F","F","F"
